scenario_id,deskripsi,label,catatan
RSK-0001,"Permintaan gambar untuk membuat materi kampanye atau dukungan politik, melibatkan orang lain yang tidak terdaftar. Realisme sedang, tingkat manipulasi sedang. Keyakinan model intent 0.82.",,
RSK-0002,"Permintaan audio untuk menipu atau menyebar kabar palsu, melibatkan wajah/suara requester sendiri. Realisme tinggi, tingkat manipulasi sedang. Keyakinan model intent 0.51.",,
RSK-0003,"Permintaan gambar untuk membuat karya pribadi (avatar, ilustrasi, narasi), melibatkan wajah/suara yang tidak jelas. Realisme sedang, tingkat manipulasi rendah. Keyakinan model intent 0.66.",,
RSK-0004,"Permintaan teks saja untuk menipu atau menyebar kabar palsu, melibatkan wajah/suara yang tidak jelas. Realisme tinggi, tingkat manipulasi sedang, konteks sensitif (anak, agama, pemilu, bencana, keuangan, atau hukum). Keyakinan model intent 0.64.",,
RSK-0005,"Permintaan video untuk tujuan tidak jelas, melibatkan orang lain yang tidak terdaftar. Realisme rendah, tingkat manipulasi tinggi. Keyakinan model intent 0.34.",,
RSK-0006,"Permintaan video untuk membuat iklan atau promosi, melibatkan orang lain yang tidak terdaftar. Realisme rendah, tingkat manipulasi rendah, konteks sensitif (anak, agama, pemilu, bencana, keuangan, atau hukum). Keyakinan model intent 0.74.",,
RSK-0007,"Permintaan gambar untuk membuat orang seolah mengatakan atau melakukan sesuatu, melibatkan orang lain yang tidak terdaftar. Realisme rendah, tingkat manipulasi tinggi. Keyakinan model intent 0.67.",,
RSK-0008,"Permintaan gambar untuk membuat satire atau parodi, melibatkan tanpa orang. Realisme rendah, tingkat manipulasi sedang. Keyakinan model intent 0.91.",,
RSK-0009,"Permintaan video untuk membuat konten seksual, melibatkan orang lain yang terdaftar di ARMOR. Realisme tinggi, tingkat manipulasi sedang. Keyakinan model intent 0.93.",,
RSK-0010,"Permintaan gambar untuk membuat karya pribadi (avatar, ilustrasi, narasi), melibatkan wajah/suara requester sendiri. Realisme rendah, tingkat manipulasi sedang. Keyakinan model intent 0.52.",,
RSK-0011,"Permintaan gambar untuk membuat konten seksual, melibatkan wajah/suara yang tidak jelas. Realisme sedang, tingkat manipulasi rendah, konteks sensitif (anak, agama, pemilu, bencana, keuangan, atau hukum). Keyakinan model intent 0.61.",,
RSK-0012,"Permintaan gambar untuk tujuan tidak jelas, melibatkan orang lain yang tidak terdaftar. Realisme sedang, tingkat manipulasi sedang. Keyakinan model intent 0.37.",,
RSK-0013,"Permintaan teks saja untuk membuat orang terlihat bersalah atau tercela, melibatkan wajah/suara yang tidak jelas. Realisme rendah, tingkat manipulasi sedang. Keyakinan model intent 0.91.",,
RSK-0014,"Permintaan gambar untuk membuat iklan atau promosi, melibatkan wajah/suara requester sendiri. Realisme rendah, tingkat manipulasi tinggi. Keyakinan model intent 0.58.",,
RSK-0015,"Permintaan gambar untuk membuat materi kampanye atau dukungan politik, melibatkan orang lain yang tidak terdaftar. Realisme sedang, tingkat manipulasi tinggi. Keyakinan model intent 0.92.",,
RSK-0016,"Permintaan video untuk menipu atau menyebar kabar palsu, melibatkan orang lain yang tidak terdaftar. Realisme tinggi, tingkat manipulasi rendah, konteks sensitif (anak, agama, pemilu, bencana, keuangan, atau hukum). Keyakinan model intent 0.68.",,
RSK-0017,"Permintaan gambar untuk tujuan tidak jelas, melibatkan wajah/suara yang tidak jelas. Realisme sedang, tingkat manipulasi sedang, konteks sensitif (anak, agama, pemilu, bencana, keuangan, atau hukum). Keyakinan model intent 0.59.",,
RSK-0018,"Permintaan audio untuk membuat satire atau parodi, melibatkan orang lain yang terdaftar di ARMOR. Realisme rendah, tingkat manipulasi sedang. Keyakinan model intent 0.76.",,
RSK-0019,"Permintaan video untuk mengedit ringan (pencahayaan, latar, bising), melibatkan orang lain yang tidak terdaftar. Realisme tinggi, tingkat manipulasi sedang. Keyakinan model intent 0.80.",,
RSK-0020,"Permintaan video untuk menipu atau menyebar kabar palsu, melibatkan orang lain yang tidak terdaftar. Realisme tinggi, tingkat manipulasi rendah, konteks sensitif (anak, agama, pemilu, bencana, keuangan, atau hukum). Keyakinan model intent 0.80.",,
RSK-0021,"Permintaan video untuk membuat materi kampanye atau dukungan politik, melibatkan orang lain yang tidak terdaftar. Realisme sedang, tingkat manipulasi tinggi, terdeteksi suara sintetis. Keyakinan model intent 0.88.",,
RSK-0022,"Permintaan gambar untuk membuat karya pribadi (avatar, ilustrasi, narasi), melibatkan wajah/suara requester sendiri. Realisme sedang, tingkat manipulasi sedang. Keyakinan model intent 0.95.",,
RSK-0023,"Permintaan teks saja untuk mengedit ringan (pencahayaan, latar, bising), melibatkan wajah/suara requester sendiri. Realisme sedang, tingkat manipulasi sedang. Keyakinan model intent 0.75.",,
RSK-0024,"Permintaan audio untuk membuat konten seksual, melibatkan orang lain yang tidak terdaftar. Realisme sedang, tingkat manipulasi sedang. Keyakinan model intent 0.73.",,
RSK-0025,"Permintaan video untuk membuat orang seolah mengatakan atau melakukan sesuatu, melibatkan wajah/suara yang tidak jelas. Realisme sedang, tingkat manipulasi tinggi, konteks sensitif (anak, agama, pemilu, bencana, keuangan, atau hukum), terdeteksi suara sintetis. Keyakinan model intent 0.57.",,
RSK-0026,"Permintaan video untuk membuat konten seksual, melibatkan orang lain yang tidak terdaftar. Realisme tinggi, tingkat manipulasi sedang. Keyakinan model intent 0.61.",,
RSK-0027,"Permintaan gambar untuk membuat orang seolah mengatakan atau melakukan sesuatu, melibatkan orang lain yang tidak terdaftar. Realisme sedang, tingkat manipulasi tinggi. Keyakinan model intent 0.93.",,
RSK-0028,"Permintaan teks saja untuk membuat karya pribadi (avatar, ilustrasi, narasi), melibatkan wajah/suara requester sendiri. Realisme tinggi, tingkat manipulasi sedang. Keyakinan model intent 0.78.",,
RSK-0029,"Permintaan gambar untuk membuat orang terlihat bersalah atau tercela, melibatkan tanpa orang. Realisme tinggi, tingkat manipulasi rendah. Keyakinan model intent 0.56.",,
RSK-0030,"Permintaan gambar untuk membuat orang seolah mengatakan atau melakukan sesuatu, melibatkan orang lain yang tidak terdaftar. Realisme sedang, tingkat manipulasi tinggi. Keyakinan model intent 0.94.",,
RSK-0031,"Permintaan video untuk membuat orang seolah mengatakan atau melakukan sesuatu, melibatkan orang lain yang tidak terdaftar. Realisme sedang, tingkat manipulasi tinggi. Keyakinan model intent 0.78.",,
RSK-0032,"Permintaan audio untuk membuat materi kampanye atau dukungan politik, melibatkan tanpa orang. Realisme rendah, tingkat manipulasi rendah. Keyakinan model intent 0.97.",,
RSK-0033,"Permintaan gambar untuk membuat iklan atau promosi, melibatkan orang lain yang tidak terdaftar. Realisme sedang, tingkat manipulasi rendah. Keyakinan model intent 0.86.",,
RSK-0034,"Permintaan video untuk membuat satire atau parodi, melibatkan orang lain yang terdaftar di ARMOR. Realisme rendah, tingkat manipulasi sedang. Keyakinan model intent 0.91.",,
RSK-0035,"Permintaan gambar untuk membuat materi kampanye atau dukungan politik, melibatkan wajah/suara yang tidak jelas. Realisme sedang, tingkat manipulasi sedang, konteks sensitif (anak, agama, pemilu, bencana, keuangan, atau hukum). Keyakinan model intent 0.74.",,
RSK-0036,"Permintaan audio untuk menipu atau menyebar kabar palsu, melibatkan orang lain yang terdaftar di ARMOR. Realisme tinggi, tingkat manipulasi tinggi, konteks sensitif (anak, agama, pemilu, bencana, keuangan, atau hukum). Keyakinan model intent 0.50.",,
RSK-0037,"Permintaan gambar untuk membuat orang terlihat bersalah atau tercela, melibatkan wajah/suara yang tidak jelas. Realisme tinggi, tingkat manipulasi sedang. Keyakinan model intent 0.93.",,
RSK-0038,"Permintaan video untuk menipu atau menyebar kabar palsu, melibatkan orang lain yang tidak terdaftar. Realisme tinggi, tingkat manipulasi sedang. Keyakinan model intent 0.54.",,
RSK-0039,"Permintaan gambar untuk membuat konten seksual, melibatkan orang lain yang tidak terdaftar. Realisme tinggi, tingkat manipulasi sedang. Keyakinan model intent 0.94.",,
RSK-0040,"Permintaan video untuk membuat materi kampanye atau dukungan politik, melibatkan orang lain yang tidak terdaftar. Realisme sedang, tingkat manipulasi tinggi, konteks sensitif (anak, agama, pemilu, bencana, keuangan, atau hukum). Keyakinan model intent 0.83.",,
RSK-0041,"Permintaan audio untuk membuat orang seolah mengatakan atau melakukan sesuatu, melibatkan wajah/suara yang tidak jelas. Realisme sedang, tingkat manipulasi sedang, konteks sensitif (anak, agama, pemilu, bencana, keuangan, atau hukum), terdeteksi suara sintetis. Keyakinan model intent 0.84.",,
RSK-0042,"Permintaan teks saja untuk membuat karya pribadi (avatar, ilustrasi, narasi), melibatkan orang lain yang terdaftar di ARMOR. Realisme tinggi, tingkat manipulasi rendah. Keyakinan model intent 0.83.",,
RSK-0043,"Permintaan gambar untuk membuat orang terlihat bersalah atau tercela, melibatkan orang lain yang tidak terdaftar. Realisme tinggi, tingkat manipulasi sedang. Keyakinan model intent 0.79.",,
RSK-0044,"Permintaan video untuk membuat karya pribadi (avatar, ilustrasi, narasi), melibatkan wajah/suara requester sendiri. Realisme sedang, tingkat manipulasi sedang. Keyakinan model intent 0.54.",,
RSK-0045,"Permintaan gambar untuk membuat materi kampanye atau dukungan politik, melibatkan wajah/suara requester sendiri. Realisme sedang, tingkat manipulasi sedang. Keyakinan model intent 0.57.",,
RSK-0046,"Permintaan teks saja untuk membuat materi kampanye atau dukungan politik, melibatkan orang lain yang tidak terdaftar. Realisme rendah, tingkat manipulasi rendah, konteks sensitif (anak, agama, pemilu, bencana, keuangan, atau hukum). Keyakinan model intent 0.69.",,
RSK-0047,"Permintaan gambar untuk membuat orang terlihat bersalah atau tercela, melibatkan orang lain yang terdaftar di ARMOR. Realisme rendah, tingkat manipulasi tinggi. Keyakinan model intent 0.82.",,
RSK-0048,"Permintaan audio untuk menipu atau menyebar kabar palsu, melibatkan orang lain yang tidak terdaftar. Realisme tinggi, tingkat manipulasi sedang, konteks sensitif (anak, agama, pemilu, bencana, keuangan, atau hukum), terdeteksi suara sintetis. Keyakinan model intent 0.81.",,
RSK-0049,"Permintaan video untuk membuat orang seolah mengatakan atau melakukan sesuatu, melibatkan orang lain yang terdaftar di ARMOR. Realisme tinggi, tingkat manipulasi tinggi, terdeteksi suara sintetis. Keyakinan model intent 0.83.",,
RSK-0050,"Permintaan gambar untuk menipu atau menyebar kabar palsu, melibatkan orang lain yang tidak terdaftar. Realisme sedang, tingkat manipulasi sedang, konteks sensitif (anak, agama, pemilu, bencana, keuangan, atau hukum). Keyakinan model intent 0.77.",,
RSK-0051,"Permintaan video untuk membuat orang terlihat bersalah atau tercela, melibatkan wajah/suara yang tidak jelas. Realisme tinggi, tingkat manipulasi sedang, terdeteksi suara sintetis. Keyakinan model intent 0.87.",,
RSK-0052,"Permintaan gambar untuk membuat karya pribadi (avatar, ilustrasi, narasi), melibatkan orang lain yang tidak terdaftar. Realisme rendah, tingkat manipulasi tinggi. Keyakinan model intent 0.68.",,
RSK-0053,"Permintaan gambar untuk membuat satire atau parodi, melibatkan orang lain yang tidak terdaftar. Realisme sedang, tingkat manipulasi sedang. Keyakinan model intent 0.59.",,
RSK-0054,"Permintaan audio untuk membuat iklan atau promosi, melibatkan tanpa orang. Realisme sedang, tingkat manipulasi tinggi. Keyakinan model intent 0.86.",,
RSK-0055,"Permintaan teks saja untuk membuat satire atau parodi, melibatkan orang lain yang terdaftar di ARMOR. Realisme rendah, tingkat manipulasi tinggi. Keyakinan model intent 0.77.",,
RSK-0056,"Permintaan video untuk membuat satire atau parodi, melibatkan wajah/suara yang tidak jelas. Realisme rendah, tingkat manipulasi tinggi. Keyakinan model intent 0.99.",,
RSK-0057,"Permintaan video untuk membuat konten seksual, melibatkan orang lain yang tidak terdaftar. Realisme tinggi, tingkat manipulasi tinggi. Keyakinan model intent 0.55.",,
RSK-0058,"Permintaan audio untuk mengedit ringan (pencahayaan, latar, bising), melibatkan wajah/suara requester sendiri. Realisme sedang, tingkat manipulasi rendah. Keyakinan model intent 0.96.",,
RSK-0059,"Permintaan teks saja untuk mengedit ringan (pencahayaan, latar, bising), melibatkan orang lain yang terdaftar di ARMOR. Realisme tinggi, tingkat manipulasi tinggi. Keyakinan model intent 0.71.",,
RSK-0060,"Permintaan gambar untuk membuat orang seolah mengatakan atau melakukan sesuatu, melibatkan orang lain yang terdaftar di ARMOR. Realisme sedang, tingkat manipulasi tinggi. Keyakinan model intent 0.53.",,
RSK-0061,"Permintaan gambar untuk tujuan tidak jelas, melibatkan orang lain yang tidak terdaftar. Realisme sedang, tingkat manipulasi rendah. Keyakinan model intent 0.46.",,
RSK-0062,"Permintaan audio untuk menipu atau menyebar kabar palsu, melibatkan orang lain yang terdaftar di ARMOR. Realisme tinggi, tingkat manipulasi rendah, terdeteksi suara sintetis. Keyakinan model intent 0.82.",,
RSK-0063,"Permintaan gambar untuk membuat karya pribadi (avatar, ilustrasi, narasi), melibatkan wajah/suara requester sendiri. Realisme tinggi, tingkat manipulasi rendah. Keyakinan model intent 0.85.",,
RSK-0064,"Permintaan video untuk tujuan tidak jelas, melibatkan orang lain yang terdaftar di ARMOR. Realisme sedang, tingkat manipulasi sedang, konteks sensitif (anak, agama, pemilu, bencana, keuangan, atau hukum), terdeteksi suara sintetis. Keyakinan model intent 0.33.",,
RSK-0065,"Permintaan gambar untuk membuat iklan atau promosi, melibatkan orang lain yang terdaftar di ARMOR. Realisme sedang, tingkat manipulasi tinggi. Keyakinan model intent 0.97.",,
RSK-0066,"Permintaan audio untuk membuat iklan atau promosi, melibatkan orang lain yang tidak terdaftar. Realisme rendah, tingkat manipulasi sedang. Keyakinan model intent 0.60.",,
RSK-0067,"Permintaan video untuk membuat konten seksual, melibatkan orang lain yang terdaftar di ARMOR. Realisme sedang, tingkat manipulasi sedang. Keyakinan model intent 0.74.",,
RSK-0068,"Permintaan video untuk membuat iklan atau promosi, melibatkan wajah/suara requester sendiri. Realisme tinggi, tingkat manipulasi sedang, konteks sensitif (anak, agama, pemilu, bencana, keuangan, atau hukum), terdeteksi suara sintetis. Keyakinan model intent 0.59.",,
RSK-0069,"Permintaan gambar untuk membuat iklan atau promosi, melibatkan orang lain yang tidak terdaftar. Realisme rendah, tingkat manipulasi sedang. Keyakinan model intent 0.94.",,
RSK-0070,"Permintaan audio untuk membuat konten seksual, melibatkan orang lain yang terdaftar di ARMOR. Realisme sedang, tingkat manipulasi sedang. Keyakinan model intent 0.56.",,
RSK-0071,"Permintaan gambar untuk membuat orang terlihat bersalah atau tercela, melibatkan orang lain yang terdaftar di ARMOR. Realisme tinggi, tingkat manipulasi rendah. Keyakinan model intent 0.77.",,
RSK-0072,"Permintaan audio untuk membuat orang seolah mengatakan atau melakukan sesuatu, melibatkan orang lain yang tidak terdaftar. Realisme tinggi, tingkat manipulasi tinggi, terdeteksi suara sintetis. Keyakinan model intent 0.90.",,
RSK-0073,"Permintaan audio untuk membuat materi kampanye atau dukungan politik, melibatkan wajah/suara yang tidak jelas. Realisme tinggi, tingkat manipulasi rendah, konteks sensitif (anak, agama, pemilu, bencana, keuangan, atau hukum). Keyakinan model intent 0.82.",,
RSK-0074,"Permintaan audio untuk membuat karya pribadi (avatar, ilustrasi, narasi), melibatkan wajah/suara requester sendiri. Realisme tinggi, tingkat manipulasi tinggi. Keyakinan model intent 0.57.",,
RSK-0075,"Permintaan video untuk membuat satire atau parodi, melibatkan orang lain yang tidak terdaftar. Realisme rendah, tingkat manipulasi rendah. Keyakinan model intent 0.82.",,
RSK-0076,"Permintaan gambar untuk membuat konten seksual, melibatkan orang lain yang terdaftar di ARMOR. Realisme rendah, tingkat manipulasi tinggi. Keyakinan model intent 0.72.",,
RSK-0077,"Permintaan gambar untuk tujuan tidak jelas, melibatkan wajah/suara yang tidak jelas. Realisme sedang, tingkat manipulasi sedang. Keyakinan model intent 0.44.",,
RSK-0078,"Permintaan audio untuk mengedit ringan (pencahayaan, latar, bising), melibatkan orang lain yang terdaftar di ARMOR. Realisme rendah, tingkat manipulasi rendah. Keyakinan model intent 0.88.",,
RSK-0079,"Permintaan gambar untuk mengedit ringan (pencahayaan, latar, bising), melibatkan wajah/suara requester sendiri. Realisme sedang, tingkat manipulasi rendah. Keyakinan model intent 0.52.",,
RSK-0080,"Permintaan audio untuk tujuan tidak jelas, melibatkan wajah/suara yang tidak jelas. Realisme sedang, tingkat manipulasi sedang. Keyakinan model intent 0.55.",,
RSK-0081,"Permintaan audio untuk mengedit ringan (pencahayaan, latar, bising), melibatkan wajah/suara requester sendiri. Realisme rendah, tingkat manipulasi rendah, konteks sensitif (anak, agama, pemilu, bencana, keuangan, atau hukum). Keyakinan model intent 0.76.",,
RSK-0082,"Permintaan audio untuk membuat orang terlihat bersalah atau tercela, melibatkan orang lain yang terdaftar di ARMOR. Realisme tinggi, tingkat manipulasi sedang. Keyakinan model intent 0.65.",,
RSK-0083,"Permintaan gambar untuk membuat materi kampanye atau dukungan politik, melibatkan orang lain yang tidak terdaftar. Realisme sedang, tingkat manipulasi sedang. Keyakinan model intent 0.66.",,
RSK-0084,"Permintaan video untuk menipu atau menyebar kabar palsu, melibatkan orang lain yang terdaftar di ARMOR. Realisme rendah, tingkat manipulasi tinggi. Keyakinan model intent 0.87.",,
RSK-0085,"Permintaan video untuk membuat konten seksual, melibatkan orang lain yang terdaftar di ARMOR. Realisme rendah, tingkat manipulasi tinggi. Keyakinan model intent 0.57.",,
RSK-0086,"Permintaan video untuk membuat satire atau parodi, melibatkan wajah/suara requester sendiri. Realisme rendah, tingkat manipulasi rendah. Keyakinan model intent 0.90.",,
RSK-0087,"Permintaan video untuk menipu atau menyebar kabar palsu, melibatkan wajah/suara yang tidak jelas. Realisme sedang, tingkat manipulasi tinggi, konteks sensitif (anak, agama, pemilu, bencana, keuangan, atau hukum). Keyakinan model intent 0.81.",,
RSK-0088,"Permintaan gambar untuk mengedit ringan (pencahayaan, latar, bising), melibatkan orang lain yang tidak terdaftar. Realisme tinggi, tingkat manipulasi sedang. Keyakinan model intent 0.94.",,
RSK-0089,"Permintaan audio untuk membuat orang terlihat bersalah atau tercela, melibatkan orang lain yang tidak terdaftar. Realisme rendah, tingkat manipulasi sedang, konteks sensitif (anak, agama, pemilu, bencana, keuangan, atau hukum). Keyakinan model intent 0.63.",,
RSK-0090,"Permintaan video untuk tujuan tidak jelas, melibatkan orang lain yang tidak terdaftar. Realisme sedang, tingkat manipulasi tinggi, terdeteksi suara sintetis. Keyakinan model intent 0.33.",,
RSK-0091,"Permintaan gambar untuk membuat iklan atau promosi, melibatkan orang lain yang tidak terdaftar. Realisme sedang, tingkat manipulasi sedang. Keyakinan model intent 0.67.",,
RSK-0092,"Permintaan gambar untuk membuat karya pribadi (avatar, ilustrasi, narasi), melibatkan orang lain yang tidak terdaftar. Realisme sedang, tingkat manipulasi sedang. Keyakinan model intent 0.56.",,
RSK-0093,"Permintaan video untuk tujuan tidak jelas, melibatkan wajah/suara yang tidak jelas. Realisme rendah, tingkat manipulasi sedang, konteks sensitif (anak, agama, pemilu, bencana, keuangan, atau hukum). Keyakinan model intent 0.40.",,
RSK-0094,"Permintaan video untuk membuat karya pribadi (avatar, ilustrasi, narasi), melibatkan wajah/suara requester sendiri. Realisme rendah, tingkat manipulasi sedang. Keyakinan model intent 0.76.",,
RSK-0095,"Permintaan gambar untuk membuat satire atau parodi, melibatkan orang lain yang tidak terdaftar. Realisme rendah, tingkat manipulasi tinggi. Keyakinan model intent 0.51.",,
RSK-0096,"Permintaan gambar untuk tujuan tidak jelas, melibatkan orang lain yang terdaftar di ARMOR. Realisme rendah, tingkat manipulasi sedang. Keyakinan model intent 0.36.",,
RSK-0097,"Permintaan video untuk menipu atau menyebar kabar palsu, melibatkan orang lain yang terdaftar di ARMOR. Realisme tinggi, tingkat manipulasi tinggi, terdeteksi suara sintetis. Keyakinan model intent 0.94.",,
RSK-0098,"Permintaan gambar untuk tujuan tidak jelas, melibatkan tanpa orang. Realisme rendah, tingkat manipulasi rendah. Keyakinan model intent 0.41.",,
RSK-0099,"Permintaan video untuk membuat iklan atau promosi, melibatkan orang lain yang tidak terdaftar. Realisme sedang, tingkat manipulasi sedang. Keyakinan model intent 0.94.",,
RSK-0100,"Permintaan gambar untuk mengedit ringan (pencahayaan, latar, bising), melibatkan orang lain yang terdaftar di ARMOR. Realisme sedang, tingkat manipulasi rendah. Keyakinan model intent 0.80.",,
RSK-0101,"Permintaan gambar untuk menipu atau menyebar kabar palsu, melibatkan wajah/suara yang tidak jelas. Realisme tinggi, tingkat manipulasi sedang, konteks sensitif (anak, agama, pemilu, bencana, keuangan, atau hukum). Keyakinan model intent 0.72.",,
RSK-0102,"Permintaan teks saja untuk tujuan tidak jelas, melibatkan orang lain yang terdaftar di ARMOR. Realisme sedang, tingkat manipulasi tinggi. Keyakinan model intent 0.52.",,
RSK-0103,"Permintaan audio untuk mengedit ringan (pencahayaan, latar, bising), melibatkan orang lain yang tidak terdaftar. Realisme sedang, tingkat manipulasi rendah, konteks sensitif (anak, agama, pemilu, bencana, keuangan, atau hukum). Keyakinan model intent 0.97.",,
RSK-0104,"Permintaan gambar untuk membuat orang seolah mengatakan atau melakukan sesuatu, melibatkan wajah/suara yang tidak jelas. Realisme tinggi, tingkat manipulasi tinggi. Keyakinan model intent 0.57.",,
RSK-0105,"Permintaan video untuk membuat orang terlihat bersalah atau tercela, melibatkan orang lain yang terdaftar di ARMOR. Realisme sedang, tingkat manipulasi sedang. Keyakinan model intent 0.90.",,
RSK-0106,"Permintaan audio untuk membuat materi kampanye atau dukungan politik, melibatkan orang lain yang tidak terdaftar. Realisme tinggi, tingkat manipulasi tinggi, konteks sensitif (anak, agama, pemilu, bencana, keuangan, atau hukum). Keyakinan model intent 0.61.",,
RSK-0107,"Permintaan gambar untuk membuat orang terlihat bersalah atau tercela, melibatkan orang lain yang tidak terdaftar. Realisme tinggi, tingkat manipulasi tinggi, konteks sensitif (anak, agama, pemilu, bencana, keuangan, atau hukum). Keyakinan model intent 0.53.",,
RSK-0108,"Permintaan video untuk mengedit ringan (pencahayaan, latar, bising), melibatkan wajah/suara requester sendiri. Realisme rendah, tingkat manipulasi tinggi. Keyakinan model intent 0.73.",,
RSK-0109,"Permintaan audio untuk menipu atau menyebar kabar palsu, melibatkan orang lain yang terdaftar di ARMOR. Realisme tinggi, tingkat manipulasi sedang, konteks sensitif (anak, agama, pemilu, bencana, keuangan, atau hukum). Keyakinan model intent 0.52.",,
RSK-0110,"Permintaan teks saja untuk tujuan tidak jelas, melibatkan wajah/suara requester sendiri. Realisme sedang, tingkat manipulasi tinggi. Keyakinan model intent 0.30.",,
RSK-0111,"Permintaan video untuk membuat materi kampanye atau dukungan politik, melibatkan wajah/suara requester sendiri. Realisme sedang, tingkat manipulasi sedang. Keyakinan model intent 0.51.",,
RSK-0112,"Permintaan gambar untuk membuat orang seolah mengatakan atau melakukan sesuatu, melibatkan orang lain yang terdaftar di ARMOR. Realisme tinggi, tingkat manipulasi rendah. Keyakinan model intent 0.52.",,
RSK-0113,"Permintaan audio untuk membuat iklan atau promosi, melibatkan orang lain yang terdaftar di ARMOR. Realisme sedang, tingkat manipulasi sedang, terdeteksi suara sintetis. Keyakinan model intent 0.54.",,
RSK-0114,"Permintaan video untuk membuat konten seksual, melibatkan orang lain yang tidak terdaftar. Realisme rendah, tingkat manipulasi rendah. Keyakinan model intent 0.82.",,
RSK-0115,"Permintaan video untuk membuat materi kampanye atau dukungan politik, melibatkan orang lain yang tidak terdaftar. Realisme rendah, tingkat manipulasi sedang, konteks sensitif (anak, agama, pemilu, bencana, keuangan, atau hukum), terdeteksi suara sintetis. Keyakinan model intent 0.95.",,
RSK-0116,"Permintaan video untuk membuat karya pribadi (avatar, ilustrasi, narasi), melibatkan wajah/suara requester sendiri. Realisme sedang, tingkat manipulasi sedang. Keyakinan model intent 0.55.",,
RSK-0117,"Permintaan gambar untuk mengedit ringan (pencahayaan, latar, bising), melibatkan orang lain yang terdaftar di ARMOR. Realisme sedang, tingkat manipulasi sedang. Keyakinan model intent 0.52.",,
RSK-0118,"Permintaan audio untuk tujuan tidak jelas, melibatkan tanpa orang. Realisme rendah, tingkat manipulasi rendah. Keyakinan model intent 0.36.",,
RSK-0119,"Permintaan audio untuk membuat karya pribadi (avatar, ilustrasi, narasi), melibatkan orang lain yang terdaftar di ARMOR. Realisme rendah, tingkat manipulasi rendah, terdeteksi suara sintetis. Keyakinan model intent 0.93.",,
RSK-0120,"Permintaan teks saja untuk membuat iklan atau promosi, melibatkan wajah/suara yang tidak jelas. Realisme rendah, tingkat manipulasi sedang. Keyakinan model intent 0.78.",,
RSK-0121,"Permintaan gambar untuk membuat materi kampanye atau dukungan politik, melibatkan orang lain yang terdaftar di ARMOR. Realisme tinggi, tingkat manipulasi sedang, konteks sensitif (anak, agama, pemilu, bencana, keuangan, atau hukum). Keyakinan model intent 0.60.",,
RSK-0122,"Permintaan gambar untuk membuat orang terlihat bersalah atau tercela, melibatkan wajah/suara yang tidak jelas. Realisme tinggi, tingkat manipulasi sedang, konteks sensitif (anak, agama, pemilu, bencana, keuangan, atau hukum). Keyakinan model intent 0.89.",,
RSK-0123,"Permintaan gambar untuk membuat materi kampanye atau dukungan politik, melibatkan wajah/suara requester sendiri. Realisme sedang, tingkat manipulasi tinggi. Keyakinan model intent 0.54.",,
RSK-0124,"Permintaan gambar untuk tujuan tidak jelas, melibatkan orang lain yang tidak terdaftar. Realisme sedang, tingkat manipulasi sedang. Keyakinan model intent 0.49.",,
RSK-0125,"Permintaan audio untuk menipu atau menyebar kabar palsu, melibatkan orang lain yang tidak terdaftar. Realisme sedang, tingkat manipulasi rendah, terdeteksi suara sintetis. Keyakinan model intent 0.98.",,
RSK-0126,"Permintaan video untuk membuat orang terlihat bersalah atau tercela, melibatkan orang lain yang terdaftar di ARMOR. Realisme rendah, tingkat manipulasi sedang, terdeteksi suara sintetis. Keyakinan model intent 0.61.",,
RSK-0127,"Permintaan gambar untuk membuat orang seolah mengatakan atau melakukan sesuatu, melibatkan orang lain yang terdaftar di ARMOR. Realisme tinggi, tingkat manipulasi tinggi. Keyakinan model intent 0.71.",,
RSK-0128,"Permintaan video untuk membuat karya pribadi (avatar, ilustrasi, narasi), melibatkan orang lain yang tidak terdaftar. Realisme rendah, tingkat manipulasi rendah. Keyakinan model intent 0.66.",,
RSK-0129,"Permintaan gambar untuk membuat konten seksual, melibatkan orang lain yang tidak terdaftar. Realisme tinggi, tingkat manipulasi tinggi. Keyakinan model intent 0.84.",,
RSK-0130,"Permintaan audio untuk membuat karya pribadi (avatar, ilustrasi, narasi), melibatkan wajah/suara requester sendiri. Realisme tinggi, tingkat manipulasi sedang. Keyakinan model intent 0.87.",,
RSK-0131,"Permintaan gambar untuk membuat orang terlihat bersalah atau tercela, melibatkan orang lain yang tidak terdaftar. Realisme rendah, tingkat manipulasi rendah. Keyakinan model intent 0.56.",,
RSK-0132,"Permintaan gambar untuk membuat satire atau parodi, melibatkan orang lain yang terdaftar di ARMOR. Realisme rendah, tingkat manipulasi sedang, konteks sensitif (anak, agama, pemilu, bencana, keuangan, atau hukum). Keyakinan model intent 0.63.",,
RSK-0133,"Permintaan video untuk membuat orang seolah mengatakan atau melakukan sesuatu, melibatkan wajah/suara yang tidak jelas. Realisme sedang, tingkat manipulasi rendah. Keyakinan model intent 0.96.",,
RSK-0134,"Permintaan gambar untuk membuat materi kampanye atau dukungan politik, melibatkan tanpa orang. Realisme sedang, tingkat manipulasi sedang, konteks sensitif (anak, agama, pemilu, bencana, keuangan, atau hukum). Keyakinan model intent 0.74.",,
RSK-0135,"Permintaan gambar untuk membuat materi kampanye atau dukungan politik, melibatkan wajah/suara yang tidak jelas. Realisme sedang, tingkat manipulasi sedang, konteks sensitif (anak, agama, pemilu, bencana, keuangan, atau hukum). Keyakinan model intent 0.75.",,
RSK-0136,"Permintaan audio untuk membuat orang seolah mengatakan atau melakukan sesuatu, melibatkan orang lain yang terdaftar di ARMOR. Realisme sedang, tingkat manipulasi tinggi, konteks sensitif (anak, agama, pemilu, bencana, keuangan, atau hukum). Keyakinan model intent 0.94.",,
RSK-0137,"Permintaan teks saja untuk membuat karya pribadi (avatar, ilustrasi, narasi), melibatkan wajah/suara requester sendiri. Realisme sedang, tingkat manipulasi tinggi. Keyakinan model intent 0.77.",,
RSK-0138,"Permintaan gambar untuk membuat orang seolah mengatakan atau melakukan sesuatu, melibatkan tanpa orang. Realisme tinggi, tingkat manipulasi tinggi. Keyakinan model intent 0.65.",,
RSK-0139,"Permintaan video untuk membuat satire atau parodi, melibatkan wajah/suara requester sendiri. Realisme rendah, tingkat manipulasi sedang. Keyakinan model intent 0.76.",,
RSK-0140,"Permintaan gambar untuk tujuan tidak jelas, melibatkan orang lain yang terdaftar di ARMOR. Realisme rendah, tingkat manipulasi tinggi. Keyakinan model intent 0.31.",,
RSK-0141,"Permintaan audio untuk menipu atau menyebar kabar palsu, melibatkan orang lain yang tidak terdaftar. Realisme tinggi, tingkat manipulasi sedang, konteks sensitif (anak, agama, pemilu, bencana, keuangan, atau hukum). Keyakinan model intent 0.67.",,
RSK-0142,"Permintaan gambar untuk membuat orang seolah mengatakan atau melakukan sesuatu, melibatkan wajah/suara yang tidak jelas. Realisme sedang, tingkat manipulasi tinggi. Keyakinan model intent 0.77.",,
RSK-0143,"Permintaan audio untuk membuat materi kampanye atau dukungan politik, melibatkan orang lain yang terdaftar di ARMOR. Realisme rendah, tingkat manipulasi sedang. Keyakinan model intent 0.89.",,
RSK-0144,"Permintaan gambar untuk membuat iklan atau promosi, melibatkan orang lain yang tidak terdaftar. Realisme rendah, tingkat manipulasi sedang. Keyakinan model intent 0.54.",,
RSK-0145,"Permintaan video untuk membuat satire atau parodi, melibatkan orang lain yang tidak terdaftar. Realisme rendah, tingkat manipulasi tinggi, terdeteksi suara sintetis. Keyakinan model intent 0.68.",,
RSK-0146,"Permintaan audio untuk membuat iklan atau promosi, melibatkan orang lain yang terdaftar di ARMOR. Realisme rendah, tingkat manipulasi sedang. Keyakinan model intent 0.71.",,
RSK-0147,"Permintaan audio untuk membuat karya pribadi (avatar, ilustrasi, narasi), melibatkan wajah/suara requester sendiri. Realisme rendah, tingkat manipulasi sedang. Keyakinan model intent 0.68.",,
RSK-0148,"Permintaan gambar untuk membuat orang seolah mengatakan atau melakukan sesuatu, melibatkan wajah/suara yang tidak jelas. Realisme rendah, tingkat manipulasi tinggi. Keyakinan model intent 0.66.",,
RSK-0149,"Permintaan gambar untuk membuat iklan atau promosi, melibatkan wajah/suara requester sendiri. Realisme tinggi, tingkat manipulasi tinggi. Keyakinan model intent 0.98.",,
RSK-0150,"Permintaan audio untuk membuat karya pribadi (avatar, ilustrasi, narasi), melibatkan tanpa orang. Realisme sedang, tingkat manipulasi rendah, terdeteksi suara sintetis. Keyakinan model intent 0.96.",,
RSK-0151,"Permintaan video untuk membuat orang terlihat bersalah atau tercela, melibatkan orang lain yang tidak terdaftar. Realisme sedang, tingkat manipulasi sedang. Keyakinan model intent 0.50.",,
RSK-0152,"Permintaan video untuk membuat iklan atau promosi, melibatkan orang lain yang terdaftar di ARMOR. Realisme rendah, tingkat manipulasi rendah, terdeteksi suara sintetis. Keyakinan model intent 0.79.",,
RSK-0153,"Permintaan video untuk mengedit ringan (pencahayaan, latar, bising), melibatkan wajah/suara requester sendiri. Realisme sedang, tingkat manipulasi sedang. Keyakinan model intent 0.70.",,
RSK-0154,"Permintaan video untuk membuat satire atau parodi, melibatkan orang lain yang tidak terdaftar. Realisme rendah, tingkat manipulasi sedang, terdeteksi suara sintetis. Keyakinan model intent 0.51.",,
RSK-0155,"Permintaan gambar untuk membuat materi kampanye atau dukungan politik, melibatkan orang lain yang tidak terdaftar. Realisme tinggi, tingkat manipulasi sedang, konteks sensitif (anak, agama, pemilu, bencana, keuangan, atau hukum). Keyakinan model intent 0.59.",,
RSK-0156,"Permintaan video untuk mengedit ringan (pencahayaan, latar, bising), melibatkan wajah/suara requester sendiri. Realisme sedang, tingkat manipulasi tinggi. Keyakinan model intent 0.61.",,
RSK-0157,"Permintaan gambar untuk menipu atau menyebar kabar palsu, melibatkan orang lain yang tidak terdaftar. Realisme rendah, tingkat manipulasi rendah, konteks sensitif (anak, agama, pemilu, bencana, keuangan, atau hukum). Keyakinan model intent 0.86.",,
RSK-0158,"Permintaan audio untuk tujuan tidak jelas, melibatkan tanpa orang. Realisme sedang, tingkat manipulasi rendah. Keyakinan model intent 0.30.",,
RSK-0159,"Permintaan gambar untuk membuat orang terlihat bersalah atau tercela, melibatkan wajah/suara yang tidak jelas. Realisme tinggi, tingkat manipulasi sedang, konteks sensitif (anak, agama, pemilu, bencana, keuangan, atau hukum). Keyakinan model intent 0.61.",,
RSK-0160,"Permintaan video untuk membuat iklan atau promosi, melibatkan orang lain yang tidak terdaftar. Realisme sedang, tingkat manipulasi tinggi, konteks sensitif (anak, agama, pemilu, bencana, keuangan, atau hukum). Keyakinan model intent 0.54.",,
RSK-0161,"Permintaan gambar untuk membuat iklan atau promosi, melibatkan wajah/suara yang tidak jelas. Realisme rendah, tingkat manipulasi sedang. Keyakinan model intent 0.84.",,
RSK-0162,"Permintaan teks saja untuk mengedit ringan (pencahayaan, latar, bising), melibatkan wajah/suara requester sendiri. Realisme sedang, tingkat manipulasi rendah. Keyakinan model intent 0.98.",,
RSK-0163,"Permintaan audio untuk membuat karya pribadi (avatar, ilustrasi, narasi), melibatkan wajah/suara yang tidak jelas. Realisme sedang, tingkat manipulasi sedang. Keyakinan model intent 0.61.",,
RSK-0164,"Permintaan video untuk membuat orang terlihat bersalah atau tercela, melibatkan orang lain yang tidak terdaftar. Realisme sedang, tingkat manipulasi sedang, terdeteksi suara sintetis. Keyakinan model intent 0.57.",,
RSK-0165,"Permintaan gambar untuk membuat satire atau parodi, melibatkan orang lain yang tidak terdaftar. Realisme rendah, tingkat manipulasi sedang. Keyakinan model intent 0.96.",,
RSK-0166,"Permintaan video untuk membuat orang terlihat bersalah atau tercela, melibatkan orang lain yang terdaftar di ARMOR. Realisme sedang, tingkat manipulasi sedang. Keyakinan model intent 0.61.",,
RSK-0167,"Permintaan video untuk membuat karya pribadi (avatar, ilustrasi, narasi), melibatkan wajah/suara yang tidak jelas. Realisme sedang, tingkat manipulasi tinggi. Keyakinan model intent 0.86.",,
RSK-0168,"Permintaan audio untuk membuat orang terlihat bersalah atau tercela, melibatkan orang lain yang tidak terdaftar. Realisme tinggi, tingkat manipulasi sedang. Keyakinan model intent 0.58.",,
RSK-0169,"Permintaan teks saja untuk membuat orang terlihat bersalah atau tercela, melibatkan orang lain yang terdaftar di ARMOR. Realisme tinggi, tingkat manipulasi tinggi, konteks sensitif (anak, agama, pemilu, bencana, keuangan, atau hukum). Keyakinan model intent 0.98.",,
RSK-0170,"Permintaan gambar untuk membuat orang terlihat bersalah atau tercela, melibatkan orang lain yang terdaftar di ARMOR. Realisme tinggi, tingkat manipulasi rendah. Keyakinan model intent 0.89.",,
RSK-0171,"Permintaan video untuk membuat satire atau parodi, melibatkan orang lain yang tidak terdaftar. Realisme rendah, tingkat manipulasi tinggi. Keyakinan model intent 0.70.",,
RSK-0172,"Permintaan teks saja untuk menipu atau menyebar kabar palsu, melibatkan wajah/suara yang tidak jelas. Realisme tinggi, tingkat manipulasi sedang, konteks sensitif (anak, agama, pemilu, bencana, keuangan, atau hukum). Keyakinan model intent 0.70.",,
RSK-0173,"Permintaan audio untuk membuat materi kampanye atau dukungan politik, melibatkan tanpa orang. Realisme sedang, tingkat manipulasi tinggi, konteks sensitif (anak, agama, pemilu, bencana, keuangan, atau hukum). Keyakinan model intent 0.90.",,
RSK-0174,"Permintaan gambar untuk membuat orang seolah mengatakan atau melakukan sesuatu, melibatkan tanpa orang. Realisme tinggi, tingkat manipulasi tinggi. Keyakinan model intent 0.93.",,
RSK-0175,"Permintaan gambar untuk membuat orang terlihat bersalah atau tercela, melibatkan orang lain yang tidak terdaftar. Realisme sedang, tingkat manipulasi sedang. Keyakinan model intent 0.79.",,
RSK-0176,"Permintaan gambar untuk tujuan tidak jelas, melibatkan orang lain yang terdaftar di ARMOR. Realisme rendah, tingkat manipulasi sedang. Keyakinan model intent 0.28.",,
RSK-0177,"Permintaan audio untuk mengedit ringan (pencahayaan, latar, bising), melibatkan wajah/suara requester sendiri. Realisme sedang, tingkat manipulasi rendah. Keyakinan model intent 0.53.",,
RSK-0178,"Permintaan gambar untuk mengedit ringan (pencahayaan, latar, bising), melibatkan wajah/suara requester sendiri. Realisme rendah, tingkat manipulasi rendah. Keyakinan model intent 0.51.",,
RSK-0179,"Permintaan gambar untuk membuat iklan atau promosi, melibatkan orang lain yang tidak terdaftar. Realisme sedang, tingkat manipulasi sedang. Keyakinan model intent 0.76.",,
RSK-0180,"Permintaan gambar untuk membuat orang terlihat bersalah atau tercela, melibatkan orang lain yang terdaftar di ARMOR. Realisme rendah, tingkat manipulasi sedang. Keyakinan model intent 0.80.",,
RSK-0181,"Permintaan audio untuk membuat satire atau parodi, melibatkan orang lain yang tidak terdaftar. Realisme tinggi, tingkat manipulasi tinggi. Keyakinan model intent 0.55.",,
RSK-0182,"Permintaan video untuk membuat satire atau parodi, melibatkan orang lain yang terdaftar di ARMOR. Realisme tinggi, tingkat manipulasi sedang, terdeteksi suara sintetis. Keyakinan model intent 0.93.",,
RSK-0183,"Permintaan audio untuk tujuan tidak jelas, melibatkan orang lain yang terdaftar di ARMOR. Realisme rendah, tingkat manipulasi tinggi. Keyakinan model intent 0.37.",,
RSK-0184,"Permintaan gambar untuk membuat materi kampanye atau dukungan politik, melibatkan orang lain yang tidak terdaftar. Realisme sedang, tingkat manipulasi sedang. Keyakinan model intent 0.86.",,
RSK-0185,"Permintaan video untuk membuat satire atau parodi, melibatkan orang lain yang terdaftar di ARMOR. Realisme rendah, tingkat manipulasi sedang. Keyakinan model intent 0.79.",,
RSK-0186,"Permintaan gambar untuk membuat materi kampanye atau dukungan politik, melibatkan orang lain yang terdaftar di ARMOR. Realisme rendah, tingkat manipulasi sedang, konteks sensitif (anak, agama, pemilu, bencana, keuangan, atau hukum). Keyakinan model intent 0.57.",,
RSK-0187,"Permintaan video untuk membuat satire atau parodi, melibatkan wajah/suara yang tidak jelas. Realisme tinggi, tingkat manipulasi sedang. Keyakinan model intent 0.96.",,
RSK-0188,"Permintaan audio untuk membuat materi kampanye atau dukungan politik, melibatkan orang lain yang tidak terdaftar. Realisme rendah, tingkat manipulasi rendah, konteks sensitif (anak, agama, pemilu, bencana, keuangan, atau hukum). Keyakinan model intent 0.68.",,
RSK-0189,"Permintaan video untuk membuat orang terlihat bersalah atau tercela, melibatkan wajah/suara yang tidak jelas. Realisme tinggi, tingkat manipulasi sedang. Keyakinan model intent 0.79.",,
RSK-0190,"Permintaan teks saja untuk membuat iklan atau promosi, melibatkan orang lain yang tidak terdaftar. Realisme tinggi, tingkat manipulasi tinggi. Keyakinan model intent 0.74.",,
RSK-0191,"Permintaan video untuk membuat konten seksual, melibatkan orang lain yang tidak terdaftar. Realisme sedang, tingkat manipulasi tinggi, terdeteksi suara sintetis. Keyakinan model intent 0.63.",,
RSK-0192,"Permintaan audio untuk membuat orang seolah mengatakan atau melakukan sesuatu, melibatkan orang lain yang terdaftar di ARMOR. Realisme tinggi, tingkat manipulasi sedang. Keyakinan model intent 0.86.",,
RSK-0193,"Permintaan video untuk membuat karya pribadi (avatar, ilustrasi, narasi), melibatkan wajah/suara requester sendiri. Realisme rendah, tingkat manipulasi rendah. Keyakinan model intent 0.90.",,
RSK-0194,"Permintaan video untuk membuat iklan atau promosi, melibatkan orang lain yang terdaftar di ARMOR. Realisme tinggi, tingkat manipulasi sedang, terdeteksi suara sintetis. Keyakinan model intent 0.68.",,
RSK-0195,"Permintaan gambar untuk mengedit ringan (pencahayaan, latar, bising), melibatkan orang lain yang tidak terdaftar. Realisme rendah, tingkat manipulasi rendah. Keyakinan model intent 0.92.",,
RSK-0196,"Permintaan audio untuk membuat orang terlihat bersalah atau tercela, melibatkan orang lain yang tidak terdaftar. Realisme tinggi, tingkat manipulasi tinggi, konteks sensitif (anak, agama, pemilu, bencana, keuangan, atau hukum). Keyakinan model intent 0.87.",,
RSK-0197,"Permintaan video untuk membuat orang seolah mengatakan atau melakukan sesuatu, melibatkan wajah/suara requester sendiri. Realisme sedang, tingkat manipulasi tinggi, terdeteksi suara sintetis. Keyakinan model intent 0.93.",,
RSK-0198,"Permintaan gambar untuk membuat materi kampanye atau dukungan politik, melibatkan orang lain yang tidak terdaftar. Realisme rendah, tingkat manipulasi sedang. Keyakinan model intent 0.89.",,
RSK-0199,"Permintaan audio untuk membuat satire atau parodi, melibatkan tanpa orang. Realisme rendah, tingkat manipulasi tinggi. Keyakinan model intent 0.76.",,
RSK-0200,"Permintaan video untuk membuat satire atau parodi, melibatkan orang lain yang tidak terdaftar. Realisme sedang, tingkat manipulasi sedang, konteks sensitif (anak, agama, pemilu, bencana, keuangan, atau hukum), terdeteksi suara sintetis. Keyakinan model intent 0.76.",,
RSK-0201,"Permintaan gambar untuk membuat iklan atau promosi, melibatkan orang lain yang terdaftar di ARMOR. Realisme sedang, tingkat manipulasi sedang. Keyakinan model intent 0.86.",,
RSK-0202,"Permintaan video untuk membuat materi kampanye atau dukungan politik, melibatkan orang lain yang tidak terdaftar. Realisme rendah, tingkat manipulasi rendah. Keyakinan model intent 0.93.",,
RSK-0203,"Permintaan gambar untuk membuat karya pribadi (avatar, ilustrasi, narasi), melibatkan wajah/suara requester sendiri. Realisme rendah, tingkat manipulasi tinggi. Keyakinan model intent 0.96.",,
RSK-0204,"Permintaan audio untuk membuat materi kampanye atau dukungan politik, melibatkan wajah/suara yang tidak jelas. Realisme sedang, tingkat manipulasi sedang. Keyakinan model intent 0.98.",,
RSK-0205,"Permintaan video untuk tujuan tidak jelas, melibatkan wajah/suara requester sendiri. Realisme sedang, tingkat manipulasi sedang. Keyakinan model intent 0.37.",,
RSK-0206,"Permintaan audio untuk mengedit ringan (pencahayaan, latar, bising), melibatkan tanpa orang. Realisme tinggi, tingkat manipulasi rendah. Keyakinan model intent 0.51.",,
RSK-0207,"Permintaan gambar untuk membuat orang terlihat bersalah atau tercela, melibatkan orang lain yang tidak terdaftar. Realisme sedang, tingkat manipulasi sedang. Keyakinan model intent 0.65.",,
RSK-0208,"Permintaan video untuk tujuan tidak jelas, melibatkan tanpa orang. Realisme tinggi, tingkat manipulasi sedang, konteks sensitif (anak, agama, pemilu, bencana, keuangan, atau hukum). Keyakinan model intent 0.47.",,
RSK-0209,"Permintaan video untuk membuat iklan atau promosi, melibatkan tanpa orang. Realisme sedang, tingkat manipulasi sedang. Keyakinan model intent 0.95.",,
RSK-0210,"Permintaan teks saja untuk tujuan tidak jelas, melibatkan orang lain yang terdaftar di ARMOR. Realisme tinggi, tingkat manipulasi tinggi. Keyakinan model intent 0.57.",,
RSK-0211,"Permintaan video untuk membuat orang terlihat bersalah atau tercela, melibatkan orang lain yang tidak terdaftar. Realisme sedang, tingkat manipulasi tinggi, terdeteksi suara sintetis. Keyakinan model intent 0.94.",,
RSK-0212,"Permintaan audio untuk membuat karya pribadi (avatar, ilustrasi, narasi), melibatkan wajah/suara requester sendiri. Realisme sedang, tingkat manipulasi sedang. Keyakinan model intent 0.97.",,
RSK-0213,"Permintaan gambar untuk membuat materi kampanye atau dukungan politik, melibatkan orang lain yang tidak terdaftar. Realisme sedang, tingkat manipulasi sedang, konteks sensitif (anak, agama, pemilu, bencana, keuangan, atau hukum). Keyakinan model intent 0.82.",,
RSK-0214,"Permintaan teks saja untuk membuat orang seolah mengatakan atau melakukan sesuatu, melibatkan orang lain yang tidak terdaftar. Realisme tinggi, tingkat manipulasi tinggi, konteks sensitif (anak, agama, pemilu, bencana, keuangan, atau hukum). Keyakinan model intent 0.87.",,
RSK-0215,"Permintaan audio untuk membuat satire atau parodi, melibatkan tanpa orang. Realisme rendah, tingkat manipulasi rendah. Keyakinan model intent 0.70.",,
RSK-0216,"Permintaan teks saja untuk membuat iklan atau promosi, melibatkan orang lain yang terdaftar di ARMOR. Realisme sedang, tingkat manipulasi sedang. Keyakinan model intent 0.70.",,
RSK-0217,"Permintaan teks saja untuk mengedit ringan (pencahayaan, latar, bising), melibatkan wajah/suara requester sendiri. Realisme sedang, tingkat manipulasi rendah. Keyakinan model intent 0.66.",,
RSK-0218,"Permintaan audio untuk membuat materi kampanye atau dukungan politik, melibatkan orang lain yang tidak terdaftar. Realisme sedang, tingkat manipulasi tinggi, konteks sensitif (anak, agama, pemilu, bencana, keuangan, atau hukum). Keyakinan model intent 0.67.",,
RSK-0219,"Permintaan audio untuk membuat orang terlihat bersalah atau tercela, melibatkan orang lain yang tidak terdaftar. Realisme tinggi, tingkat manipulasi rendah, konteks sensitif (anak, agama, pemilu, bencana, keuangan, atau hukum). Keyakinan model intent 0.67.",,
RSK-0220,"Permintaan teks saja untuk menipu atau menyebar kabar palsu, melibatkan wajah/suara yang tidak jelas. Realisme sedang, tingkat manipulasi sedang, konteks sensitif (anak, agama, pemilu, bencana, keuangan, atau hukum). Keyakinan model intent 0.57.",,
RSK-0221,"Permintaan audio untuk membuat materi kampanye atau dukungan politik, melibatkan wajah/suara yang tidak jelas. Realisme sedang, tingkat manipulasi sedang, konteks sensitif (anak, agama, pemilu, bencana, keuangan, atau hukum). Keyakinan model intent 0.66.",,
RSK-0222,"Permintaan gambar untuk membuat materi kampanye atau dukungan politik, melibatkan orang lain yang tidak terdaftar. Realisme sedang, tingkat manipulasi sedang. Keyakinan model intent 0.97.",,
RSK-0223,"Permintaan audio untuk membuat orang terlihat bersalah atau tercela, melibatkan orang lain yang terdaftar di ARMOR. Realisme tinggi, tingkat manipulasi tinggi. Keyakinan model intent 0.64.",,
RSK-0224,"Permintaan gambar untuk mengedit ringan (pencahayaan, latar, bising), melibatkan wajah/suara requester sendiri. Realisme sedang, tingkat manipulasi tinggi. Keyakinan model intent 0.58.",,
RSK-0225,"Permintaan audio untuk membuat satire atau parodi, melibatkan orang lain yang terdaftar di ARMOR. Realisme rendah, tingkat manipulasi tinggi. Keyakinan model intent 0.69.",,
RSK-0226,"Permintaan gambar untuk mengedit ringan (pencahayaan, latar, bising), melibatkan wajah/suara requester sendiri. Realisme sedang, tingkat manipulasi tinggi. Keyakinan model intent 0.53.",,
RSK-0227,"Permintaan video untuk membuat iklan atau promosi, melibatkan wajah/suara yang tidak jelas. Realisme sedang, tingkat manipulasi sedang. Keyakinan model intent 0.67.",,
RSK-0228,"Permintaan gambar untuk membuat iklan atau promosi, melibatkan orang lain yang tidak terdaftar. Realisme rendah, tingkat manipulasi tinggi. Keyakinan model intent 0.72.",,
RSK-0229,"Permintaan video untuk mengedit ringan (pencahayaan, latar, bising), melibatkan wajah/suara requester sendiri. Realisme sedang, tingkat manipulasi sedang, terdeteksi suara sintetis. Keyakinan model intent 0.98.",,
RSK-0230,"Permintaan gambar untuk menipu atau menyebar kabar palsu, melibatkan orang lain yang terdaftar di ARMOR. Realisme tinggi, tingkat manipulasi sedang, konteks sensitif (anak, agama, pemilu, bencana, keuangan, atau hukum). Keyakinan model intent 0.76.",,
RSK-0231,"Permintaan audio untuk tujuan tidak jelas, melibatkan wajah/suara yang tidak jelas. Realisme rendah, tingkat manipulasi sedang, terdeteksi suara sintetis. Keyakinan model intent 0.54.",,
RSK-0232,"Permintaan video untuk mengedit ringan (pencahayaan, latar, bising), melibatkan wajah/suara yang tidak jelas. Realisme tinggi, tingkat manipulasi rendah. Keyakinan model intent 0.85.",,
RSK-0233,"Permintaan gambar untuk membuat iklan atau promosi, melibatkan orang lain yang terdaftar di ARMOR. Realisme sedang, tingkat manipulasi rendah. Keyakinan model intent 0.79.",,
RSK-0234,"Permintaan gambar untuk membuat iklan atau promosi, melibatkan wajah/suara yang tidak jelas. Realisme sedang, tingkat manipulasi sedang. Keyakinan model intent 0.59.",,
RSK-0235,"Permintaan teks saja untuk mengedit ringan (pencahayaan, latar, bising), melibatkan wajah/suara requester sendiri. Realisme rendah, tingkat manipulasi rendah, konteks sensitif (anak, agama, pemilu, bencana, keuangan, atau hukum). Keyakinan model intent 0.93.",,
RSK-0236,"Permintaan gambar untuk menipu atau menyebar kabar palsu, melibatkan orang lain yang tidak terdaftar. Realisme tinggi, tingkat manipulasi tinggi, konteks sensitif (anak, agama, pemilu, bencana, keuangan, atau hukum). Keyakinan model intent 0.50.",,
RSK-0237,"Permintaan audio untuk membuat satire atau parodi, melibatkan wajah/suara yang tidak jelas. Realisme rendah, tingkat manipulasi sedang, terdeteksi suara sintetis. Keyakinan model intent 0.75.",,
RSK-0238,"Permintaan audio untuk tujuan tidak jelas, melibatkan wajah/suara yang tidak jelas. Realisme tinggi, tingkat manipulasi sedang, konteks sensitif (anak, agama, pemilu, bencana, keuangan, atau hukum). Keyakinan model intent 0.31.",,
RSK-0239,"Permintaan audio untuk membuat orang seolah mengatakan atau melakukan sesuatu, melibatkan orang lain yang tidak terdaftar. Realisme tinggi, tingkat manipulasi rendah, terdeteksi suara sintetis. Keyakinan model intent 0.97.",,
RSK-0240,"Permintaan gambar untuk membuat karya pribadi (avatar, ilustrasi, narasi), melibatkan tanpa orang. Realisme tinggi, tingkat manipulasi tinggi. Keyakinan model intent 0.76.",,
RSK-0241,"Permintaan audio untuk membuat karya pribadi (avatar, ilustrasi, narasi), melibatkan orang lain yang tidak terdaftar. Realisme tinggi, tingkat manipulasi tinggi. Keyakinan model intent 0.84.",,
RSK-0242,"Permintaan gambar untuk membuat karya pribadi (avatar, ilustrasi, narasi), melibatkan wajah/suara requester sendiri. Realisme sedang, tingkat manipulasi tinggi, konteks sensitif (anak, agama, pemilu, bencana, keuangan, atau hukum). Keyakinan model intent 0.53.",,
RSK-0243,"Permintaan audio untuk membuat orang terlihat bersalah atau tercela, melibatkan wajah/suara yang tidak jelas. Realisme tinggi, tingkat manipulasi tinggi. Keyakinan model intent 0.96.",,
RSK-0244,"Permintaan video untuk membuat orang terlihat bersalah atau tercela, melibatkan orang lain yang terdaftar di ARMOR. Realisme tinggi, tingkat manipulasi sedang. Keyakinan model intent 0.74.",,
RSK-0245,"Permintaan video untuk membuat iklan atau promosi, melibatkan orang lain yang tidak terdaftar. Realisme tinggi, tingkat manipulasi rendah. Keyakinan model intent 0.85.",,
RSK-0246,"Permintaan gambar untuk menipu atau menyebar kabar palsu, melibatkan wajah/suara yang tidak jelas. Realisme tinggi, tingkat manipulasi tinggi, konteks sensitif (anak, agama, pemilu, bencana, keuangan, atau hukum). Keyakinan model intent 0.51.",,
RSK-0247,"Permintaan teks saja untuk mengedit ringan (pencahayaan, latar, bising), melibatkan wajah/suara requester sendiri. Realisme rendah, tingkat manipulasi rendah. Keyakinan model intent 0.78.",,
RSK-0248,"Permintaan audio untuk membuat konten seksual, melibatkan orang lain yang terdaftar di ARMOR. Realisme tinggi, tingkat manipulasi sedang. Keyakinan model intent 0.84.",,
RSK-0249,"Permintaan gambar untuk tujuan tidak jelas, melibatkan orang lain yang terdaftar di ARMOR. Realisme sedang, tingkat manipulasi tinggi. Keyakinan model intent 0.57.",,
RSK-0250,"Permintaan audio untuk tujuan tidak jelas, melibatkan orang lain yang tidak terdaftar. Realisme tinggi, tingkat manipulasi rendah. Keyakinan model intent 0.48.",,
RSK-0251,"Permintaan gambar untuk membuat materi kampanye atau dukungan politik, melibatkan orang lain yang tidak terdaftar. Realisme rendah, tingkat manipulasi sedang, konteks sensitif (anak, agama, pemilu, bencana, keuangan, atau hukum). Keyakinan model intent 0.70.",,
RSK-0252,"Permintaan video untuk membuat orang seolah mengatakan atau melakukan sesuatu, melibatkan orang lain yang terdaftar di ARMOR. Realisme tinggi, tingkat manipulasi tinggi, konteks sensitif (anak, agama, pemilu, bencana, keuangan, atau hukum). Keyakinan model intent 0.76.",,
RSK-0253,"Permintaan gambar untuk menipu atau menyebar kabar palsu, melibatkan orang lain yang terdaftar di ARMOR. Realisme sedang, tingkat manipulasi tinggi. Keyakinan model intent 0.50.",,
RSK-0254,"Permintaan video untuk membuat konten seksual, melibatkan orang lain yang tidak terdaftar. Realisme sedang, tingkat manipulasi sedang. Keyakinan model intent 0.65.",,
RSK-0255,"Permintaan video untuk tujuan tidak jelas, melibatkan orang lain yang terdaftar di ARMOR. Realisme rendah, tingkat manipulasi tinggi. Keyakinan model intent 0.43.",,
RSK-0256,"Permintaan teks saja untuk mengedit ringan (pencahayaan, latar, bising), melibatkan wajah/suara requester sendiri. Realisme tinggi, tingkat manipulasi sedang. Keyakinan model intent 0.96.",,
RSK-0257,"Permintaan audio untuk membuat orang seolah mengatakan atau melakukan sesuatu, melibatkan wajah/suara yang tidak jelas. Realisme tinggi, tingkat manipulasi tinggi, terdeteksi suara sintetis. Keyakinan model intent 0.95.",,
RSK-0258,"Permintaan gambar untuk membuat konten seksual, melibatkan orang lain yang tidak terdaftar. Realisme rendah, tingkat manipulasi tinggi, konteks sensitif (anak, agama, pemilu, bencana, keuangan, atau hukum). Keyakinan model intent 0.87.",,
RSK-0259,"Permintaan audio untuk membuat karya pribadi (avatar, ilustrasi, narasi), melibatkan wajah/suara requester sendiri. Realisme rendah, tingkat manipulasi sedang. Keyakinan model intent 0.52.",,
RSK-0260,"Permintaan gambar untuk membuat satire atau parodi, melibatkan wajah/suara requester sendiri. Realisme sedang, tingkat manipulasi sedang. Keyakinan model intent 0.65.",,
RSK-0261,"Permintaan audio untuk membuat orang terlihat bersalah atau tercela, melibatkan orang lain yang tidak terdaftar. Realisme tinggi, tingkat manipulasi sedang. Keyakinan model intent 0.53.",,
RSK-0262,"Permintaan gambar untuk tujuan tidak jelas, melibatkan orang lain yang tidak terdaftar. Realisme rendah, tingkat manipulasi sedang. Keyakinan model intent 0.56.",,
RSK-0263,"Permintaan gambar untuk membuat satire atau parodi, melibatkan wajah/suara yang tidak jelas. Realisme rendah, tingkat manipulasi sedang. Keyakinan model intent 0.95.",,
RSK-0264,"Permintaan video untuk membuat orang seolah mengatakan atau melakukan sesuatu, melibatkan tanpa orang. Realisme tinggi, tingkat manipulasi tinggi, terdeteksi suara sintetis. Keyakinan model intent 0.72.",,
RSK-0265,"Permintaan gambar untuk membuat iklan atau promosi, melibatkan wajah/suara yang tidak jelas. Realisme rendah, tingkat manipulasi sedang. Keyakinan model intent 0.70.",,
RSK-0266,"Permintaan gambar untuk membuat satire atau parodi, melibatkan orang lain yang terdaftar di ARMOR. Realisme sedang, tingkat manipulasi sedang. Keyakinan model intent 0.80.",,
RSK-0267,"Permintaan teks saja untuk tujuan tidak jelas, melibatkan wajah/suara yang tidak jelas. Realisme rendah, tingkat manipulasi tinggi. Keyakinan model intent 0.40.",,
RSK-0268,"Permintaan gambar untuk membuat satire atau parodi, melibatkan orang lain yang tidak terdaftar. Realisme rendah, tingkat manipulasi tinggi. Keyakinan model intent 0.53.",,
RSK-0269,"Permintaan gambar untuk membuat orang terlihat bersalah atau tercela, melibatkan wajah/suara yang tidak jelas. Realisme tinggi, tingkat manipulasi sedang, konteks sensitif (anak, agama, pemilu, bencana, keuangan, atau hukum). Keyakinan model intent 0.58.",,
RSK-0270,"Permintaan gambar untuk mengedit ringan (pencahayaan, latar, bising), melibatkan orang lain yang tidak terdaftar. Realisme rendah, tingkat manipulasi sedang, konteks sensitif (anak, agama, pemilu, bencana, keuangan, atau hukum). Keyakinan model intent 0.99.",,
RSK-0271,"Permintaan video untuk membuat materi kampanye atau dukungan politik, melibatkan wajah/suara yang tidak jelas. Realisme rendah, tingkat manipulasi sedang, konteks sensitif (anak, agama, pemilu, bencana, keuangan, atau hukum), terdeteksi suara sintetis. Keyakinan model intent 0.81.",,
RSK-0272,"Permintaan gambar untuk membuat iklan atau promosi, melibatkan orang lain yang terdaftar di ARMOR. Realisme sedang, tingkat manipulasi sedang. Keyakinan model intent 0.89.",,
RSK-0273,"Permintaan audio untuk membuat konten seksual, melibatkan tanpa orang. Realisme sedang, tingkat manipulasi tinggi, konteks sensitif (anak, agama, pemilu, bencana, keuangan, atau hukum). Keyakinan model intent 0.68.",,
RSK-0274,"Permintaan video untuk membuat iklan atau promosi, melibatkan orang lain yang tidak terdaftar. Realisme sedang, tingkat manipulasi rendah. Keyakinan model intent 0.68.",,
RSK-0275,"Permintaan audio untuk mengedit ringan (pencahayaan, latar, bising), melibatkan wajah/suara requester sendiri. Realisme rendah, tingkat manipulasi rendah, konteks sensitif (anak, agama, pemilu, bencana, keuangan, atau hukum). Keyakinan model intent 0.79.",,
RSK-0276,"Permintaan audio untuk membuat iklan atau promosi, melibatkan orang lain yang terdaftar di ARMOR. Realisme rendah, tingkat manipulasi tinggi. Keyakinan model intent 0.74.",,
RSK-0277,"Permintaan gambar untuk menipu atau menyebar kabar palsu, melibatkan orang lain yang tidak terdaftar. Realisme rendah, tingkat manipulasi tinggi, konteks sensitif (anak, agama, pemilu, bencana, keuangan, atau hukum). Keyakinan model intent 0.93.",,
RSK-0278,"Permintaan video untuk menipu atau menyebar kabar palsu, melibatkan orang lain yang tidak terdaftar. Realisme tinggi, tingkat manipulasi tinggi. Keyakinan model intent 0.83.",,
RSK-0279,"Permintaan audio untuk membuat orang terlihat bersalah atau tercela, melibatkan orang lain yang terdaftar di ARMOR. Realisme tinggi, tingkat manipulasi tinggi, konteks sensitif (anak, agama, pemilu, bencana, keuangan, atau hukum). Keyakinan model intent 0.55.",,
RSK-0280,"Permintaan gambar untuk mengedit ringan (pencahayaan, latar, bising), melibatkan wajah/suara requester sendiri. Realisme tinggi, tingkat manipulasi sedang. Keyakinan model intent 0.86.",,
RSK-0281,"Permintaan gambar untuk membuat karya pribadi (avatar, ilustrasi, narasi), melibatkan orang lain yang tidak terdaftar. Realisme sedang, tingkat manipulasi rendah, konteks sensitif (anak, agama, pemilu, bencana, keuangan, atau hukum). Keyakinan model intent 0.82.",,
RSK-0282,"Permintaan audio untuk membuat materi kampanye atau dukungan politik, melibatkan orang lain yang tidak terdaftar. Realisme rendah, tingkat manipulasi tinggi, konteks sensitif (anak, agama, pemilu, bencana, keuangan, atau hukum). Keyakinan model intent 0.98.",,
RSK-0283,"Permintaan video untuk mengedit ringan (pencahayaan, latar, bising), melibatkan wajah/suara requester sendiri. Realisme tinggi, tingkat manipulasi rendah, konteks sensitif (anak, agama, pemilu, bencana, keuangan, atau hukum). Keyakinan model intent 0.79.",,
RSK-0284,"Permintaan gambar untuk mengedit ringan (pencahayaan, latar, bising), melibatkan tanpa orang. Realisme sedang, tingkat manipulasi rendah. Keyakinan model intent 0.58.",,
RSK-0285,"Permintaan gambar untuk tujuan tidak jelas, melibatkan orang lain yang tidak terdaftar. Realisme sedang, tingkat manipulasi sedang. Keyakinan model intent 0.46.",,
RSK-0286,"Permintaan gambar untuk mengedit ringan (pencahayaan, latar, bising), melibatkan wajah/suara requester sendiri. Realisme sedang, tingkat manipulasi rendah. Keyakinan model intent 0.98.",,
RSK-0287,"Permintaan audio untuk membuat karya pribadi (avatar, ilustrasi, narasi), melibatkan orang lain yang tidak terdaftar. Realisme sedang, tingkat manipulasi tinggi. Keyakinan model intent 0.86.",,
RSK-0288,"Permintaan teks saja untuk mengedit ringan (pencahayaan, latar, bising), melibatkan wajah/suara requester sendiri. Realisme sedang, tingkat manipulasi rendah. Keyakinan model intent 0.59.",,
RSK-0289,"Permintaan video untuk membuat orang terlihat bersalah atau tercela, melibatkan orang lain yang terdaftar di ARMOR. Realisme tinggi, tingkat manipulasi rendah, terdeteksi suara sintetis. Keyakinan model intent 0.81.",,
RSK-0290,"Permintaan audio untuk membuat iklan atau promosi, melibatkan wajah/suara requester sendiri. Realisme sedang, tingkat manipulasi sedang. Keyakinan model intent 0.81.",,
RSK-0291,"Permintaan video untuk membuat orang seolah mengatakan atau melakukan sesuatu, melibatkan orang lain yang tidak terdaftar. Realisme tinggi, tingkat manipulasi sedang. Keyakinan model intent 0.59.",,
RSK-0292,"Permintaan gambar untuk membuat konten seksual, melibatkan wajah/suara yang tidak jelas. Realisme rendah, tingkat manipulasi tinggi. Keyakinan model intent 0.89.",,
RSK-0293,"Permintaan gambar untuk membuat orang seolah mengatakan atau melakukan sesuatu, melibatkan orang lain yang tidak terdaftar. Realisme tinggi, tingkat manipulasi sedang. Keyakinan model intent 0.95.",,
RSK-0294,"Permintaan video untuk mengedit ringan (pencahayaan, latar, bising), melibatkan wajah/suara requester sendiri. Realisme sedang, tingkat manipulasi rendah. Keyakinan model intent 0.94.",,
RSK-0295,"Permintaan gambar untuk membuat iklan atau promosi, melibatkan tanpa orang. Realisme sedang, tingkat manipulasi tinggi. Keyakinan model intent 0.71.",,
RSK-0296,"Permintaan audio untuk membuat satire atau parodi, melibatkan orang lain yang tidak terdaftar. Realisme rendah, tingkat manipulasi sedang, konteks sensitif (anak, agama, pemilu, bencana, keuangan, atau hukum). Keyakinan model intent 0.74.",,
RSK-0297,"Permintaan gambar untuk membuat konten seksual, melibatkan orang lain yang tidak terdaftar. Realisme tinggi, tingkat manipulasi rendah. Keyakinan model intent 0.71.",,
RSK-0298,"Permintaan gambar untuk mengedit ringan (pencahayaan, latar, bising), melibatkan tanpa orang. Realisme tinggi, tingkat manipulasi rendah. Keyakinan model intent 0.65.",,
RSK-0299,"Permintaan gambar untuk mengedit ringan (pencahayaan, latar, bising), melibatkan wajah/suara requester sendiri. Realisme sedang, tingkat manipulasi rendah. Keyakinan model intent 0.86.",,
RSK-0300,"Permintaan audio untuk membuat orang seolah mengatakan atau melakukan sesuatu, melibatkan orang lain yang terdaftar di ARMOR. Realisme tinggi, tingkat manipulasi tinggi. Keyakinan model intent 0.67.",,
RSK-0301,"Permintaan video untuk membuat karya pribadi (avatar, ilustrasi, narasi), melibatkan wajah/suara requester sendiri. Realisme sedang, tingkat manipulasi sedang. Keyakinan model intent 0.77.",,
RSK-0302,"Permintaan video untuk membuat iklan atau promosi, melibatkan orang lain yang terdaftar di ARMOR. Realisme sedang, tingkat manipulasi sedang. Keyakinan model intent 0.64.",,
RSK-0303,"Permintaan gambar untuk mengedit ringan (pencahayaan, latar, bising), melibatkan wajah/suara requester sendiri. Realisme rendah, tingkat manipulasi rendah. Keyakinan model intent 0.97.",,
RSK-0304,"Permintaan gambar untuk menipu atau menyebar kabar palsu, melibatkan orang lain yang terdaftar di ARMOR. Realisme tinggi, tingkat manipulasi tinggi. Keyakinan model intent 0.65.",,
RSK-0305,"Permintaan audio untuk membuat konten seksual, melibatkan orang lain yang terdaftar di ARMOR. Realisme sedang, tingkat manipulasi tinggi, konteks sensitif (anak, agama, pemilu, bencana, keuangan, atau hukum). Keyakinan model intent 0.69.",,
RSK-0306,"Permintaan video untuk membuat karya pribadi (avatar, ilustrasi, narasi), melibatkan wajah/suara yang tidak jelas. Realisme sedang, tingkat manipulasi sedang. Keyakinan model intent 0.59.",,
RSK-0307,"Permintaan gambar untuk membuat karya pribadi (avatar, ilustrasi, narasi), melibatkan wajah/suara requester sendiri. Realisme rendah, tingkat manipulasi tinggi. Keyakinan model intent 0.77.",,
RSK-0308,"Permintaan video untuk mengedit ringan (pencahayaan, latar, bising), melibatkan wajah/suara requester sendiri. Realisme sedang, tingkat manipulasi tinggi. Keyakinan model intent 0.95.",,
RSK-0309,"Permintaan gambar untuk membuat orang terlihat bersalah atau tercela, melibatkan orang lain yang tidak terdaftar. Realisme tinggi, tingkat manipulasi sedang, konteks sensitif (anak, agama, pemilu, bencana, keuangan, atau hukum). Keyakinan model intent 0.80.",,
RSK-0310,"Permintaan audio untuk membuat materi kampanye atau dukungan politik, melibatkan orang lain yang terdaftar di ARMOR. Realisme tinggi, tingkat manipulasi rendah, konteks sensitif (anak, agama, pemilu, bencana, keuangan, atau hukum). Keyakinan model intent 0.72.",,
RSK-0311,"Permintaan audio untuk menipu atau menyebar kabar palsu, melibatkan wajah/suara yang tidak jelas. Realisme rendah, tingkat manipulasi tinggi, terdeteksi suara sintetis. Keyakinan model intent 0.55.",,
RSK-0312,"Permintaan gambar untuk membuat orang terlihat bersalah atau tercela, melibatkan orang lain yang tidak terdaftar. Realisme rendah, tingkat manipulasi rendah. Keyakinan model intent 0.98.",,
RSK-0313,"Permintaan audio untuk mengedit ringan (pencahayaan, latar, bising), melibatkan wajah/suara requester sendiri. Realisme sedang, tingkat manipulasi rendah. Keyakinan model intent 0.81.",,
RSK-0314,"Permintaan video untuk membuat orang seolah mengatakan atau melakukan sesuatu, melibatkan orang lain yang terdaftar di ARMOR. Realisme tinggi, tingkat manipulasi sedang, terdeteksi suara sintetis. Keyakinan model intent 0.58.",,
RSK-0315,"Permintaan gambar untuk membuat iklan atau promosi, melibatkan wajah/suara yang tidak jelas. Realisme tinggi, tingkat manipulasi sedang. Keyakinan model intent 0.62.",,
RSK-0316,"Permintaan audio untuk mengedit ringan (pencahayaan, latar, bising), melibatkan wajah/suara yang tidak jelas. Realisme sedang, tingkat manipulasi rendah, terdeteksi suara sintetis. Keyakinan model intent 0.82.",,
RSK-0317,"Permintaan gambar untuk mengedit ringan (pencahayaan, latar, bising), melibatkan orang lain yang tidak terdaftar. Realisme rendah, tingkat manipulasi sedang. Keyakinan model intent 0.76.",,
RSK-0318,"Permintaan audio untuk membuat iklan atau promosi, melibatkan orang lain yang terdaftar di ARMOR. Realisme sedang, tingkat manipulasi sedang. Keyakinan model intent 0.72.",,
RSK-0319,"Permintaan audio untuk membuat konten seksual, melibatkan wajah/suara yang tidak jelas. Realisme sedang, tingkat manipulasi sedang. Keyakinan model intent 0.91.",,
RSK-0320,"Permintaan video untuk membuat konten seksual, melibatkan orang lain yang tidak terdaftar. Realisme rendah, tingkat manipulasi sedang. Keyakinan model intent 0.65.",,
RSK-0321,"Permintaan audio untuk membuat karya pribadi (avatar, ilustrasi, narasi), melibatkan orang lain yang terdaftar di ARMOR. Realisme sedang, tingkat manipulasi tinggi. Keyakinan model intent 0.99.",,
RSK-0322,"Permintaan teks saja untuk menipu atau menyebar kabar palsu, melibatkan orang lain yang terdaftar di ARMOR. Realisme tinggi, tingkat manipulasi tinggi. Keyakinan model intent 0.51.",,
RSK-0323,"Permintaan audio untuk membuat karya pribadi (avatar, ilustrasi, narasi), melibatkan wajah/suara requester sendiri. Realisme sedang, tingkat manipulasi sedang. Keyakinan model intent 0.51.",,
RSK-0324,"Permintaan audio untuk membuat karya pribadi (avatar, ilustrasi, narasi), melibatkan orang lain yang terdaftar di ARMOR. Realisme sedang, tingkat manipulasi tinggi. Keyakinan model intent 0.87.",,
RSK-0325,"Permintaan teks saja untuk tujuan tidak jelas, melibatkan orang lain yang tidak terdaftar. Realisme sedang, tingkat manipulasi tinggi. Keyakinan model intent 0.50.",,
RSK-0326,"Permintaan gambar untuk mengedit ringan (pencahayaan, latar, bising), melibatkan orang lain yang tidak terdaftar. Realisme sedang, tingkat manipulasi tinggi. Keyakinan model intent 0.51.",,
RSK-0327,"Permintaan gambar untuk membuat karya pribadi (avatar, ilustrasi, narasi), melibatkan orang lain yang tidak terdaftar. Realisme rendah, tingkat manipulasi sedang. Keyakinan model intent 0.53.",,
RSK-0328,"Permintaan gambar untuk tujuan tidak jelas, melibatkan orang lain yang tidak terdaftar. Realisme sedang, tingkat manipulasi tinggi. Keyakinan model intent 0.49.",,
RSK-0329,"Permintaan gambar untuk menipu atau menyebar kabar palsu, melibatkan orang lain yang terdaftar di ARMOR. Realisme sedang, tingkat manipulasi rendah, konteks sensitif (anak, agama, pemilu, bencana, keuangan, atau hukum). Keyakinan model intent 0.86.",,
RSK-0330,"Permintaan video untuk membuat orang terlihat bersalah atau tercela, melibatkan wajah/suara requester sendiri. Realisme tinggi, tingkat manipulasi sedang. Keyakinan model intent 0.98.",,
RSK-0331,"Permintaan gambar untuk membuat orang seolah mengatakan atau melakukan sesuatu, melibatkan orang lain yang terdaftar di ARMOR. Realisme tinggi, tingkat manipulasi tinggi. Keyakinan model intent 0.94.",,
RSK-0332,"Permintaan gambar untuk mengedit ringan (pencahayaan, latar, bising), melibatkan wajah/suara requester sendiri. Realisme rendah, tingkat manipulasi rendah. Keyakinan model intent 0.82.",,
RSK-0333,"Permintaan audio untuk membuat konten seksual, melibatkan orang lain yang terdaftar di ARMOR. Realisme rendah, tingkat manipulasi sedang. Keyakinan model intent 0.98.",,
RSK-0334,"Permintaan gambar untuk membuat iklan atau promosi, melibatkan orang lain yang tidak terdaftar. Realisme sedang, tingkat manipulasi tinggi. Keyakinan model intent 0.64.",,
RSK-0335,"Permintaan audio untuk tujuan tidak jelas, melibatkan wajah/suara yang tidak jelas. Realisme tinggi, tingkat manipulasi tinggi. Keyakinan model intent 0.55.",,
RSK-0336,"Permintaan audio untuk membuat orang seolah mengatakan atau melakukan sesuatu, melibatkan orang lain yang terdaftar di ARMOR. Realisme tinggi, tingkat manipulasi sedang, terdeteksi suara sintetis. Keyakinan model intent 0.94.",,
RSK-0337,"Permintaan gambar untuk mengedit ringan (pencahayaan, latar, bising), melibatkan wajah/suara requester sendiri. Realisme sedang, tingkat manipulasi tinggi. Keyakinan model intent 0.86.",,
RSK-0338,"Permintaan gambar untuk membuat materi kampanye atau dukungan politik, melibatkan orang lain yang terdaftar di ARMOR. Realisme sedang, tingkat manipulasi sedang. Keyakinan model intent 0.75.",,
RSK-0339,"Permintaan teks saja untuk membuat karya pribadi (avatar, ilustrasi, narasi), melibatkan wajah/suara requester sendiri. Realisme rendah, tingkat manipulasi rendah. Keyakinan model intent 0.60.",,
RSK-0340,"Permintaan gambar untuk menipu atau menyebar kabar palsu, melibatkan wajah/suara yang tidak jelas. Realisme tinggi, tingkat manipulasi sedang. Keyakinan model intent 0.80.",,
RSK-0341,"Permintaan audio untuk menipu atau menyebar kabar palsu, melibatkan wajah/suara yang tidak jelas. Realisme sedang, tingkat manipulasi rendah. Keyakinan model intent 0.72.",,
RSK-0342,"Permintaan gambar untuk tujuan tidak jelas, melibatkan orang lain yang terdaftar di ARMOR. Realisme rendah, tingkat manipulasi sedang. Keyakinan model intent 0.58.",,
RSK-0343,"Permintaan gambar untuk membuat karya pribadi (avatar, ilustrasi, narasi), melibatkan wajah/suara requester sendiri. Realisme rendah, tingkat manipulasi rendah. Keyakinan model intent 0.71.",,
RSK-0344,"Permintaan audio untuk membuat orang terlihat bersalah atau tercela, melibatkan orang lain yang terdaftar di ARMOR. Realisme tinggi, tingkat manipulasi sedang. Keyakinan model intent 0.82.",,
RSK-0345,"Permintaan gambar untuk membuat orang seolah mengatakan atau melakukan sesuatu, melibatkan orang lain yang tidak terdaftar. Realisme tinggi, tingkat manipulasi sedang. Keyakinan model intent 0.89.",,
RSK-0346,"Permintaan audio untuk membuat iklan atau promosi, melibatkan orang lain yang tidak terdaftar. Realisme sedang, tingkat manipulasi rendah, terdeteksi suara sintetis. Keyakinan model intent 0.89.",,
RSK-0347,"Permintaan gambar untuk menipu atau menyebar kabar palsu, melibatkan wajah/suara yang tidak jelas. Realisme sedang, tingkat manipulasi rendah, konteks sensitif (anak, agama, pemilu, bencana, keuangan, atau hukum). Keyakinan model intent 0.73.",,
RSK-0348,"Permintaan gambar untuk tujuan tidak jelas, melibatkan wajah/suara requester sendiri. Realisme rendah, tingkat manipulasi rendah, konteks sensitif (anak, agama, pemilu, bencana, keuangan, atau hukum). Keyakinan model intent 0.27.",,
RSK-0349,"Permintaan teks saja untuk membuat orang seolah mengatakan atau melakukan sesuatu, melibatkan orang lain yang tidak terdaftar. Realisme tinggi, tingkat manipulasi tinggi. Keyakinan model intent 0.61.",,
RSK-0350,"Permintaan audio untuk membuat iklan atau promosi, melibatkan orang lain yang terdaftar di ARMOR. Realisme rendah, tingkat manipulasi rendah, terdeteksi suara sintetis. Keyakinan model intent 0.74.",,
RSK-0351,"Permintaan audio untuk tujuan tidak jelas, melibatkan orang lain yang terdaftar di ARMOR. Realisme tinggi, tingkat manipulasi sedang. Keyakinan model intent 0.56.",,
RSK-0352,"Permintaan audio untuk tujuan tidak jelas, melibatkan orang lain yang tidak terdaftar. Realisme sedang, tingkat manipulasi rendah. Keyakinan model intent 0.31.",,
RSK-0353,"Permintaan gambar untuk menipu atau menyebar kabar palsu, melibatkan wajah/suara requester sendiri. Realisme rendah, tingkat manipulasi tinggi. Keyakinan model intent 0.68.",,
RSK-0354,"Permintaan video untuk tujuan tidak jelas, melibatkan orang lain yang terdaftar di ARMOR. Realisme rendah, tingkat manipulasi sedang, konteks sensitif (anak, agama, pemilu, bencana, keuangan, atau hukum). Keyakinan model intent 0.31.",,
RSK-0355,"Permintaan video untuk menipu atau menyebar kabar palsu, melibatkan orang lain yang tidak terdaftar. Realisme tinggi, tingkat manipulasi tinggi, konteks sensitif (anak, agama, pemilu, bencana, keuangan, atau hukum), terdeteksi suara sintetis. Keyakinan model intent 0.80.",,
RSK-0356,"Permintaan video untuk membuat orang seolah mengatakan atau melakukan sesuatu, melibatkan orang lain yang terdaftar di ARMOR. Realisme sedang, tingkat manipulasi tinggi, terdeteksi suara sintetis. Keyakinan model intent 0.91.",,
RSK-0357,"Permintaan audio untuk membuat konten seksual, melibatkan orang lain yang tidak terdaftar. Realisme rendah, tingkat manipulasi sedang. Keyakinan model intent 0.50.",,
RSK-0358,"Permintaan audio untuk menipu atau menyebar kabar palsu, melibatkan wajah/suara requester sendiri. Realisme tinggi, tingkat manipulasi sedang. Keyakinan model intent 0.76.",,
RSK-0359,"Permintaan video untuk membuat orang seolah mengatakan atau melakukan sesuatu, melibatkan orang lain yang tidak terdaftar. Realisme tinggi, tingkat manipulasi tinggi. Keyakinan model intent 0.93.",,
RSK-0360,"Permintaan gambar untuk membuat iklan atau promosi, melibatkan orang lain yang tidak terdaftar. Realisme sedang, tingkat manipulasi sedang, konteks sensitif (anak, agama, pemilu, bencana, keuangan, atau hukum). Keyakinan model intent 0.83.",,
RSK-0361,"Permintaan gambar untuk menipu atau menyebar kabar palsu, melibatkan orang lain yang terdaftar di ARMOR. Realisme tinggi, tingkat manipulasi tinggi. Keyakinan model intent 0.72.",,
RSK-0362,"Permintaan gambar untuk membuat karya pribadi (avatar, ilustrasi, narasi), melibatkan orang lain yang terdaftar di ARMOR. Realisme sedang, tingkat manipulasi rendah. Keyakinan model intent 0.82.",,
RSK-0363,"Permintaan audio untuk membuat satire atau parodi, melibatkan orang lain yang tidak terdaftar. Realisme rendah, tingkat manipulasi sedang. Keyakinan model intent 0.82.",,
RSK-0364,"Permintaan gambar untuk membuat iklan atau promosi, melibatkan orang lain yang terdaftar di ARMOR. Realisme rendah, tingkat manipulasi rendah. Keyakinan model intent 0.94.",,
RSK-0365,"Permintaan video untuk membuat karya pribadi (avatar, ilustrasi, narasi), melibatkan wajah/suara requester sendiri. Realisme sedang, tingkat manipulasi rendah, terdeteksi suara sintetis. Keyakinan model intent 0.62.",,
RSK-0366,"Permintaan gambar untuk membuat satire atau parodi, melibatkan orang lain yang terdaftar di ARMOR. Realisme sedang, tingkat manipulasi tinggi, konteks sensitif (anak, agama, pemilu, bencana, keuangan, atau hukum). Keyakinan model intent 0.84.",,
RSK-0367,"Permintaan teks saja untuk membuat iklan atau promosi, melibatkan tanpa orang. Realisme sedang, tingkat manipulasi sedang. Keyakinan model intent 0.56.",,
RSK-0368,"Permintaan gambar untuk menipu atau menyebar kabar palsu, melibatkan orang lain yang tidak terdaftar. Realisme sedang, tingkat manipulasi tinggi, konteks sensitif (anak, agama, pemilu, bencana, keuangan, atau hukum). Keyakinan model intent 0.91.",,
RSK-0369,"Permintaan gambar untuk mengedit ringan (pencahayaan, latar, bising), melibatkan wajah/suara yang tidak jelas. Realisme rendah, tingkat manipulasi rendah. Keyakinan model intent 0.83.",,
RSK-0370,"Permintaan audio untuk mengedit ringan (pencahayaan, latar, bising), melibatkan wajah/suara requester sendiri. Realisme sedang, tingkat manipulasi rendah. Keyakinan model intent 0.93.",,
RSK-0371,"Permintaan audio untuk membuat konten seksual, melibatkan wajah/suara requester sendiri. Realisme rendah, tingkat manipulasi sedang. Keyakinan model intent 0.57.",,
RSK-0372,"Permintaan gambar untuk membuat orang terlihat bersalah atau tercela, melibatkan wajah/suara requester sendiri. Realisme tinggi, tingkat manipulasi tinggi. Keyakinan model intent 0.75.",,
RSK-0373,"Permintaan gambar untuk membuat orang terlihat bersalah atau tercela, melibatkan wajah/suara requester sendiri. Realisme sedang, tingkat manipulasi rendah, konteks sensitif (anak, agama, pemilu, bencana, keuangan, atau hukum). Keyakinan model intent 0.53.",,
RSK-0374,"Permintaan video untuk membuat materi kampanye atau dukungan politik, melibatkan orang lain yang terdaftar di ARMOR. Realisme tinggi, tingkat manipulasi tinggi, konteks sensitif (anak, agama, pemilu, bencana, keuangan, atau hukum). Keyakinan model intent 0.96.",,
RSK-0375,"Permintaan video untuk tujuan tidak jelas, melibatkan orang lain yang tidak terdaftar. Realisme rendah, tingkat manipulasi tinggi. Keyakinan model intent 0.52.",,
RSK-0376,"Permintaan gambar untuk membuat orang terlihat bersalah atau tercela, melibatkan wajah/suara yang tidak jelas. Realisme tinggi, tingkat manipulasi sedang. Keyakinan model intent 0.67.",,
RSK-0377,"Permintaan audio untuk tujuan tidak jelas, melibatkan orang lain yang terdaftar di ARMOR. Realisme rendah, tingkat manipulasi sedang. Keyakinan model intent 0.55.",,
RSK-0378,"Permintaan gambar untuk membuat materi kampanye atau dukungan politik, melibatkan orang lain yang tidak terdaftar. Realisme rendah, tingkat manipulasi tinggi, konteks sensitif (anak, agama, pemilu, bencana, keuangan, atau hukum). Keyakinan model intent 0.78.",,
RSK-0379,"Permintaan gambar untuk membuat materi kampanye atau dukungan politik, melibatkan orang lain yang tidak terdaftar. Realisme sedang, tingkat manipulasi tinggi, konteks sensitif (anak, agama, pemilu, bencana, keuangan, atau hukum). Keyakinan model intent 0.61.",,
RSK-0380,"Permintaan video untuk membuat materi kampanye atau dukungan politik, melibatkan orang lain yang terdaftar di ARMOR. Realisme tinggi, tingkat manipulasi tinggi. Keyakinan model intent 0.60.",,
RSK-0381,"Permintaan video untuk membuat materi kampanye atau dukungan politik, melibatkan orang lain yang terdaftar di ARMOR. Realisme rendah, tingkat manipulasi rendah, konteks sensitif (anak, agama, pemilu, bencana, keuangan, atau hukum). Keyakinan model intent 0.92.",,
RSK-0382,"Permintaan video untuk membuat karya pribadi (avatar, ilustrasi, narasi), melibatkan orang lain yang tidak terdaftar. Realisme rendah, tingkat manipulasi sedang. Keyakinan model intent 0.94.",,
RSK-0383,"Permintaan video untuk membuat konten seksual, melibatkan orang lain yang tidak terdaftar. Realisme sedang, tingkat manipulasi sedang, konteks sensitif (anak, agama, pemilu, bencana, keuangan, atau hukum). Keyakinan model intent 0.69.",,
RSK-0384,"Permintaan gambar untuk membuat orang terlihat bersalah atau tercela, melibatkan orang lain yang terdaftar di ARMOR. Realisme sedang, tingkat manipulasi sedang. Keyakinan model intent 0.81.",,
RSK-0385,"Permintaan video untuk membuat materi kampanye atau dukungan politik, melibatkan wajah/suara requester sendiri. Realisme sedang, tingkat manipulasi tinggi, konteks sensitif (anak, agama, pemilu, bencana, keuangan, atau hukum). Keyakinan model intent 0.67.",,
RSK-0386,"Permintaan gambar untuk membuat materi kampanye atau dukungan politik, melibatkan orang lain yang tidak terdaftar. Realisme rendah, tingkat manipulasi sedang, konteks sensitif (anak, agama, pemilu, bencana, keuangan, atau hukum). Keyakinan model intent 0.59.",,
RSK-0387,"Permintaan teks saja untuk mengedit ringan (pencahayaan, latar, bising), melibatkan orang lain yang tidak terdaftar. Realisme rendah, tingkat manipulasi rendah. Keyakinan model intent 0.58.",,
RSK-0388,"Permintaan video untuk membuat satire atau parodi, melibatkan orang lain yang tidak terdaftar. Realisme rendah, tingkat manipulasi rendah. Keyakinan model intent 0.80.",,
RSK-0389,"Permintaan gambar untuk mengedit ringan (pencahayaan, latar, bising), melibatkan wajah/suara requester sendiri. Realisme rendah, tingkat manipulasi rendah, konteks sensitif (anak, agama, pemilu, bencana, keuangan, atau hukum). Keyakinan model intent 0.98.",,
RSK-0390,"Permintaan teks saja untuk membuat satire atau parodi, melibatkan wajah/suara requester sendiri. Realisme rendah, tingkat manipulasi rendah. Keyakinan model intent 0.77.",,
RSK-0391,"Permintaan gambar untuk membuat orang terlihat bersalah atau tercela, melibatkan wajah/suara yang tidak jelas. Realisme sedang, tingkat manipulasi tinggi. Keyakinan model intent 0.56.",,
RSK-0392,"Permintaan gambar untuk membuat iklan atau promosi, melibatkan tanpa orang. Realisme rendah, tingkat manipulasi tinggi. Keyakinan model intent 0.90.",,
RSK-0393,"Permintaan audio untuk menipu atau menyebar kabar palsu, melibatkan orang lain yang tidak terdaftar. Realisme tinggi, tingkat manipulasi tinggi, konteks sensitif (anak, agama, pemilu, bencana, keuangan, atau hukum). Keyakinan model intent 0.78.",,
RSK-0394,"Permintaan audio untuk membuat orang seolah mengatakan atau melakukan sesuatu, melibatkan wajah/suara yang tidak jelas. Realisme tinggi, tingkat manipulasi tinggi. Keyakinan model intent 0.93.",,
RSK-0395,"Permintaan gambar untuk membuat orang seolah mengatakan atau melakukan sesuatu, melibatkan wajah/suara yang tidak jelas. Realisme sedang, tingkat manipulasi tinggi. Keyakinan model intent 0.78.",,
RSK-0396,"Permintaan audio untuk menipu atau menyebar kabar palsu, melibatkan orang lain yang terdaftar di ARMOR. Realisme rendah, tingkat manipulasi sedang, konteks sensitif (anak, agama, pemilu, bencana, keuangan, atau hukum). Keyakinan model intent 0.81.",,
RSK-0397,"Permintaan gambar untuk menipu atau menyebar kabar palsu, melibatkan orang lain yang tidak terdaftar. Realisme tinggi, tingkat manipulasi sedang. Keyakinan model intent 0.80.",,
RSK-0398,"Permintaan gambar untuk membuat konten seksual, melibatkan orang lain yang tidak terdaftar. Realisme sedang, tingkat manipulasi sedang. Keyakinan model intent 0.78.",,
RSK-0399,"Permintaan gambar untuk membuat konten seksual, melibatkan tanpa orang. Realisme sedang, tingkat manipulasi tinggi. Keyakinan model intent 0.96.",,
RSK-0400,"Permintaan video untuk membuat karya pribadi (avatar, ilustrasi, narasi), melibatkan wajah/suara requester sendiri. Realisme tinggi, tingkat manipulasi sedang. Keyakinan model intent 0.79.",,
RSK-0401,"Permintaan gambar untuk menipu atau menyebar kabar palsu, melibatkan wajah/suara yang tidak jelas. Realisme tinggi, tingkat manipulasi sedang, konteks sensitif (anak, agama, pemilu, bencana, keuangan, atau hukum). Keyakinan model intent 0.88.",,
RSK-0402,"Permintaan gambar untuk tujuan tidak jelas, melibatkan wajah/suara requester sendiri. Realisme sedang, tingkat manipulasi sedang. Keyakinan model intent 0.26.",,
RSK-0403,"Permintaan gambar untuk membuat orang terlihat bersalah atau tercela, melibatkan orang lain yang terdaftar di ARMOR. Realisme sedang, tingkat manipulasi sedang, konteks sensitif (anak, agama, pemilu, bencana, keuangan, atau hukum). Keyakinan model intent 0.80.",,
RSK-0404,"Permintaan gambar untuk membuat satire atau parodi, melibatkan wajah/suara yang tidak jelas. Realisme rendah, tingkat manipulasi rendah, konteks sensitif (anak, agama, pemilu, bencana, keuangan, atau hukum). Keyakinan model intent 0.70.",,
RSK-0405,"Permintaan audio untuk membuat orang terlihat bersalah atau tercela, melibatkan orang lain yang terdaftar di ARMOR. Realisme tinggi, tingkat manipulasi rendah. Keyakinan model intent 0.97.",,
RSK-0406,"Permintaan audio untuk membuat konten seksual, melibatkan orang lain yang tidak terdaftar. Realisme rendah, tingkat manipulasi rendah, konteks sensitif (anak, agama, pemilu, bencana, keuangan, atau hukum). Keyakinan model intent 0.62.",,
RSK-0407,"Permintaan teks saja untuk membuat materi kampanye atau dukungan politik, melibatkan orang lain yang terdaftar di ARMOR. Realisme rendah, tingkat manipulasi sedang, konteks sensitif (anak, agama, pemilu, bencana, keuangan, atau hukum). Keyakinan model intent 0.88.",,
RSK-0408,"Permintaan teks saja untuk mengedit ringan (pencahayaan, latar, bising), melibatkan orang lain yang terdaftar di ARMOR. Realisme sedang, tingkat manipulasi rendah. Keyakinan model intent 0.67.",,
RSK-0409,"Permintaan audio untuk membuat satire atau parodi, melibatkan orang lain yang tidak terdaftar. Realisme rendah, tingkat manipulasi sedang. Keyakinan model intent 0.72.",,
RSK-0410,"Permintaan gambar untuk membuat satire atau parodi, melibatkan orang lain yang tidak terdaftar. Realisme tinggi, tingkat manipulasi tinggi, konteks sensitif (anak, agama, pemilu, bencana, keuangan, atau hukum). Keyakinan model intent 0.53.",,
RSK-0411,"Permintaan gambar untuk membuat karya pribadi (avatar, ilustrasi, narasi), melibatkan orang lain yang tidak terdaftar. Realisme tinggi, tingkat manipulasi tinggi. Keyakinan model intent 0.51.",,
RSK-0412,"Permintaan audio untuk membuat orang terlihat bersalah atau tercela, melibatkan orang lain yang terdaftar di ARMOR. Realisme tinggi, tingkat manipulasi rendah, konteks sensitif (anak, agama, pemilu, bencana, keuangan, atau hukum), terdeteksi suara sintetis. Keyakinan model intent 0.73.",,
RSK-0413,"Permintaan video untuk tujuan tidak jelas, melibatkan orang lain yang tidak terdaftar. Realisme sedang, tingkat manipulasi sedang. Keyakinan model intent 0.47.",,
RSK-0414,"Permintaan video untuk mengedit ringan (pencahayaan, latar, bising), melibatkan wajah/suara requester sendiri. Realisme sedang, tingkat manipulasi rendah. Keyakinan model intent 0.86.",,
RSK-0415,"Permintaan teks saja untuk menipu atau menyebar kabar palsu, melibatkan orang lain yang terdaftar di ARMOR. Realisme sedang, tingkat manipulasi rendah. Keyakinan model intent 0.80.",,
RSK-0416,"Permintaan video untuk membuat konten seksual, melibatkan wajah/suara yang tidak jelas. Realisme sedang, tingkat manipulasi tinggi, konteks sensitif (anak, agama, pemilu, bencana, keuangan, atau hukum). Keyakinan model intent 0.58.",,
RSK-0417,"Permintaan gambar untuk membuat karya pribadi (avatar, ilustrasi, narasi), melibatkan wajah/suara requester sendiri. Realisme rendah, tingkat manipulasi tinggi. Keyakinan model intent 0.59.",,
RSK-0418,"Permintaan video untuk membuat iklan atau promosi, melibatkan wajah/suara requester sendiri. Realisme rendah, tingkat manipulasi sedang. Keyakinan model intent 0.85.",,
RSK-0419,"Permintaan gambar untuk membuat orang terlihat bersalah atau tercela, melibatkan orang lain yang terdaftar di ARMOR. Realisme rendah, tingkat manipulasi sedang, konteks sensitif (anak, agama, pemilu, bencana, keuangan, atau hukum). Keyakinan model intent 0.85.",,
RSK-0420,"Permintaan video untuk membuat materi kampanye atau dukungan politik, melibatkan wajah/suara requester sendiri. Realisme sedang, tingkat manipulasi tinggi, konteks sensitif (anak, agama, pemilu, bencana, keuangan, atau hukum). Keyakinan model intent 0.98.",,
RSK-0421,"Permintaan gambar untuk membuat iklan atau promosi, melibatkan wajah/suara yang tidak jelas. Realisme rendah, tingkat manipulasi tinggi. Keyakinan model intent 0.99.",,
RSK-0422,"Permintaan audio untuk membuat orang terlihat bersalah atau tercela, melibatkan tanpa orang. Realisme tinggi, tingkat manipulasi sedang. Keyakinan model intent 0.63.",,
RSK-0423,"Permintaan gambar untuk menipu atau menyebar kabar palsu, melibatkan wajah/suara yang tidak jelas. Realisme sedang, tingkat manipulasi rendah, konteks sensitif (anak, agama, pemilu, bencana, keuangan, atau hukum). Keyakinan model intent 0.53.",,
RSK-0424,"Permintaan gambar untuk membuat satire atau parodi, melibatkan orang lain yang terdaftar di ARMOR. Realisme rendah, tingkat manipulasi sedang. Keyakinan model intent 0.65.",,
RSK-0425,"Permintaan gambar untuk membuat iklan atau promosi, melibatkan orang lain yang tidak terdaftar. Realisme tinggi, tingkat manipulasi sedang. Keyakinan model intent 0.67.",,
RSK-0426,"Permintaan video untuk membuat karya pribadi (avatar, ilustrasi, narasi), melibatkan wajah/suara requester sendiri. Realisme rendah, tingkat manipulasi sedang. Keyakinan model intent 0.78.",,
RSK-0427,"Permintaan gambar untuk mengedit ringan (pencahayaan, latar, bising), melibatkan wajah/suara requester sendiri. Realisme sedang, tingkat manipulasi rendah. Keyakinan model intent 0.63.",,
RSK-0428,"Permintaan gambar untuk menipu atau menyebar kabar palsu, melibatkan orang lain yang tidak terdaftar. Realisme tinggi, tingkat manipulasi sedang, konteks sensitif (anak, agama, pemilu, bencana, keuangan, atau hukum). Keyakinan model intent 0.51.",,
RSK-0429,"Permintaan audio untuk tujuan tidak jelas, melibatkan wajah/suara yang tidak jelas. Realisme sedang, tingkat manipulasi tinggi. Keyakinan model intent 0.32.",,
RSK-0430,"Permintaan gambar untuk membuat satire atau parodi, melibatkan tanpa orang. Realisme rendah, tingkat manipulasi sedang. Keyakinan model intent 0.81.",,
RSK-0431,"Permintaan audio untuk tujuan tidak jelas, melibatkan wajah/suara yang tidak jelas. Realisme tinggi, tingkat manipulasi sedang. Keyakinan model intent 0.39.",,
RSK-0432,"Permintaan video untuk tujuan tidak jelas, melibatkan orang lain yang tidak terdaftar. Realisme rendah, tingkat manipulasi tinggi, terdeteksi suara sintetis. Keyakinan model intent 0.39.",,
RSK-0433,"Permintaan gambar untuk membuat materi kampanye atau dukungan politik, melibatkan orang lain yang terdaftar di ARMOR. Realisme sedang, tingkat manipulasi rendah, konteks sensitif (anak, agama, pemilu, bencana, keuangan, atau hukum). Keyakinan model intent 0.75.",,
RSK-0434,"Permintaan audio untuk membuat orang terlihat bersalah atau tercela, melibatkan orang lain yang tidak terdaftar. Realisme sedang, tingkat manipulasi sedang. Keyakinan model intent 0.80.",,
RSK-0435,"Permintaan teks saja untuk membuat orang seolah mengatakan atau melakukan sesuatu, melibatkan wajah/suara yang tidak jelas. Realisme tinggi, tingkat manipulasi tinggi. Keyakinan model intent 0.91.",,
RSK-0436,"Permintaan gambar untuk membuat satire atau parodi, melibatkan orang lain yang tidak terdaftar. Realisme rendah, tingkat manipulasi sedang, konteks sensitif (anak, agama, pemilu, bencana, keuangan, atau hukum). Keyakinan model intent 0.71.",,
RSK-0437,"Permintaan video untuk membuat materi kampanye atau dukungan politik, melibatkan wajah/suara requester sendiri. Realisme rendah, tingkat manipulasi sedang. Keyakinan model intent 0.65.",,
RSK-0438,"Permintaan gambar untuk menipu atau menyebar kabar palsu, melibatkan orang lain yang tidak terdaftar. Realisme sedang, tingkat manipulasi sedang, konteks sensitif (anak, agama, pemilu, bencana, keuangan, atau hukum). Keyakinan model intent 0.71.",,
RSK-0439,"Permintaan gambar untuk menipu atau menyebar kabar palsu, melibatkan orang lain yang terdaftar di ARMOR. Realisme tinggi, tingkat manipulasi rendah, konteks sensitif (anak, agama, pemilu, bencana, keuangan, atau hukum). Keyakinan model intent 0.64.",,
RSK-0440,"Permintaan audio untuk membuat orang terlihat bersalah atau tercela, melibatkan wajah/suara yang tidak jelas. Realisme tinggi, tingkat manipulasi sedang. Keyakinan model intent 0.91.",,
RSK-0441,"Permintaan gambar untuk membuat karya pribadi (avatar, ilustrasi, narasi), melibatkan wajah/suara requester sendiri. Realisme sedang, tingkat manipulasi tinggi. Keyakinan model intent 0.89.",,
RSK-0442,"Permintaan gambar untuk membuat iklan atau promosi, melibatkan orang lain yang terdaftar di ARMOR. Realisme tinggi, tingkat manipulasi sedang. Keyakinan model intent 0.72.",,
RSK-0443,"Permintaan audio untuk membuat karya pribadi (avatar, ilustrasi, narasi), melibatkan wajah/suara requester sendiri. Realisme sedang, tingkat manipulasi sedang. Keyakinan model intent 0.80.",,
RSK-0444,"Permintaan video untuk membuat karya pribadi (avatar, ilustrasi, narasi), melibatkan wajah/suara requester sendiri. Realisme sedang, tingkat manipulasi sedang, konteks sensitif (anak, agama, pemilu, bencana, keuangan, atau hukum). Keyakinan model intent 0.84.",,
RSK-0445,"Permintaan gambar untuk membuat iklan atau promosi, melibatkan orang lain yang tidak terdaftar. Realisme sedang, tingkat manipulasi tinggi. Keyakinan model intent 0.60.",,
RSK-0446,"Permintaan teks saja untuk membuat satire atau parodi, melibatkan orang lain yang terdaftar di ARMOR. Realisme sedang, tingkat manipulasi sedang. Keyakinan model intent 0.58.",,
RSK-0447,"Permintaan audio untuk mengedit ringan (pencahayaan, latar, bising), melibatkan wajah/suara yang tidak jelas. Realisme rendah, tingkat manipulasi tinggi. Keyakinan model intent 0.96.",,
RSK-0448,"Permintaan gambar untuk membuat karya pribadi (avatar, ilustrasi, narasi), melibatkan orang lain yang tidak terdaftar. Realisme sedang, tingkat manipulasi sedang, konteks sensitif (anak, agama, pemilu, bencana, keuangan, atau hukum). Keyakinan model intent 0.52.",,
RSK-0449,"Permintaan gambar untuk membuat iklan atau promosi, melibatkan orang lain yang terdaftar di ARMOR. Realisme rendah, tingkat manipulasi rendah. Keyakinan model intent 0.61.",,
RSK-0450,"Permintaan gambar untuk tujuan tidak jelas, melibatkan orang lain yang tidak terdaftar. Realisme rendah, tingkat manipulasi rendah, konteks sensitif (anak, agama, pemilu, bencana, keuangan, atau hukum). Keyakinan model intent 0.25.",,
RSK-0451,"Permintaan gambar untuk membuat iklan atau promosi, melibatkan orang lain yang terdaftar di ARMOR. Realisme sedang, tingkat manipulasi sedang. Keyakinan model intent 0.91.",,
RSK-0452,"Permintaan video untuk membuat orang terlihat bersalah atau tercela, melibatkan tanpa orang. Realisme tinggi, tingkat manipulasi rendah. Keyakinan model intent 0.80.",,
RSK-0453,"Permintaan video untuk mengedit ringan (pencahayaan, latar, bising), melibatkan orang lain yang tidak terdaftar. Realisme tinggi, tingkat manipulasi rendah. Keyakinan model intent 0.73.",,
RSK-0454,"Permintaan gambar untuk mengedit ringan (pencahayaan, latar, bising), melibatkan wajah/suara requester sendiri. Realisme rendah, tingkat manipulasi sedang. Keyakinan model intent 0.54.",,
RSK-0455,"Permintaan video untuk membuat orang terlihat bersalah atau tercela, melibatkan orang lain yang tidak terdaftar. Realisme rendah, tingkat manipulasi sedang, konteks sensitif (anak, agama, pemilu, bencana, keuangan, atau hukum), terdeteksi suara sintetis. Keyakinan model intent 0.91.",,
RSK-0456,"Permintaan audio untuk membuat karya pribadi (avatar, ilustrasi, narasi), melibatkan wajah/suara requester sendiri. Realisme sedang, tingkat manipulasi rendah, terdeteksi suara sintetis. Keyakinan model intent 0.51.",,
RSK-0457,"Permintaan audio untuk membuat orang terlihat bersalah atau tercela, melibatkan orang lain yang terdaftar di ARMOR. Realisme tinggi, tingkat manipulasi tinggi. Keyakinan model intent 0.51.",,
RSK-0458,"Permintaan gambar untuk membuat materi kampanye atau dukungan politik, melibatkan orang lain yang terdaftar di ARMOR. Realisme rendah, tingkat manipulasi rendah, konteks sensitif (anak, agama, pemilu, bencana, keuangan, atau hukum). Keyakinan model intent 0.73.",,
RSK-0459,"Permintaan video untuk tujuan tidak jelas, melibatkan orang lain yang tidak terdaftar. Realisme sedang, tingkat manipulasi sedang. Keyakinan model intent 0.27.",,
RSK-0460,"Permintaan video untuk membuat materi kampanye atau dukungan politik, melibatkan orang lain yang terdaftar di ARMOR. Realisme tinggi, tingkat manipulasi rendah, konteks sensitif (anak, agama, pemilu, bencana, keuangan, atau hukum). Keyakinan model intent 0.50.",,
RSK-0461,"Permintaan teks saja untuk membuat orang terlihat bersalah atau tercela, melibatkan wajah/suara requester sendiri. Realisme sedang, tingkat manipulasi tinggi. Keyakinan model intent 0.71.",,
RSK-0462,"Permintaan video untuk menipu atau menyebar kabar palsu, melibatkan orang lain yang tidak terdaftar. Realisme tinggi, tingkat manipulasi sedang, konteks sensitif (anak, agama, pemilu, bencana, keuangan, atau hukum), terdeteksi suara sintetis. Keyakinan model intent 0.55.",,
RSK-0463,"Permintaan video untuk tujuan tidak jelas, melibatkan orang lain yang tidak terdaftar. Realisme sedang, tingkat manipulasi sedang, terdeteksi suara sintetis. Keyakinan model intent 0.40.",,
RSK-0464,"Permintaan gambar untuk menipu atau menyebar kabar palsu, melibatkan orang lain yang tidak terdaftar. Realisme sedang, tingkat manipulasi rendah. Keyakinan model intent 0.70.",,
RSK-0465,"Permintaan gambar untuk mengedit ringan (pencahayaan, latar, bising), melibatkan wajah/suara requester sendiri. Realisme sedang, tingkat manipulasi rendah. Keyakinan model intent 0.79.",,
RSK-0466,"Permintaan audio untuk menipu atau menyebar kabar palsu, melibatkan orang lain yang terdaftar di ARMOR. Realisme tinggi, tingkat manipulasi sedang, konteks sensitif (anak, agama, pemilu, bencana, keuangan, atau hukum). Keyakinan model intent 0.55.",,
RSK-0467,"Permintaan video untuk membuat orang terlihat bersalah atau tercela, melibatkan wajah/suara yang tidak jelas. Realisme tinggi, tingkat manipulasi sedang. Keyakinan model intent 0.51.",,
RSK-0468,"Permintaan audio untuk membuat iklan atau promosi, melibatkan wajah/suara yang tidak jelas. Realisme sedang, tingkat manipulasi sedang. Keyakinan model intent 0.50.",,
RSK-0469,"Permintaan video untuk membuat karya pribadi (avatar, ilustrasi, narasi), melibatkan wajah/suara requester sendiri. Realisme tinggi, tingkat manipulasi sedang, terdeteksi suara sintetis. Keyakinan model intent 0.65.",,
RSK-0470,"Permintaan gambar untuk membuat karya pribadi (avatar, ilustrasi, narasi), melibatkan wajah/suara requester sendiri. Realisme rendah, tingkat manipulasi sedang. Keyakinan model intent 0.66.",,
RSK-0471,"Permintaan video untuk membuat karya pribadi (avatar, ilustrasi, narasi), melibatkan wajah/suara requester sendiri. Realisme sedang, tingkat manipulasi sedang, konteks sensitif (anak, agama, pemilu, bencana, keuangan, atau hukum). Keyakinan model intent 0.81.",,
RSK-0472,"Permintaan gambar untuk membuat iklan atau promosi, melibatkan wajah/suara yang tidak jelas. Realisme sedang, tingkat manipulasi tinggi. Keyakinan model intent 0.63.",,
RSK-0473,"Permintaan gambar untuk membuat orang seolah mengatakan atau melakukan sesuatu, melibatkan orang lain yang tidak terdaftar. Realisme sedang, tingkat manipulasi rendah. Keyakinan model intent 0.79.",,
RSK-0474,"Permintaan gambar untuk membuat karya pribadi (avatar, ilustrasi, narasi), melibatkan wajah/suara requester sendiri. Realisme rendah, tingkat manipulasi sedang, konteks sensitif (anak, agama, pemilu, bencana, keuangan, atau hukum). Keyakinan model intent 0.51.",,
RSK-0475,"Permintaan gambar untuk membuat satire atau parodi, melibatkan tanpa orang. Realisme rendah, tingkat manipulasi sedang. Keyakinan model intent 0.99.",,
RSK-0476,"Permintaan audio untuk mengedit ringan (pencahayaan, latar, bising), melibatkan orang lain yang terdaftar di ARMOR. Realisme rendah, tingkat manipulasi rendah. Keyakinan model intent 0.52.",,
RSK-0477,"Permintaan gambar untuk membuat iklan atau promosi, melibatkan tanpa orang. Realisme sedang, tingkat manipulasi rendah. Keyakinan model intent 0.88.",,
RSK-0478,"Permintaan gambar untuk membuat materi kampanye atau dukungan politik, melibatkan tanpa orang. Realisme rendah, tingkat manipulasi sedang, konteks sensitif (anak, agama, pemilu, bencana, keuangan, atau hukum). Keyakinan model intent 0.82.",,
RSK-0479,"Permintaan video untuk mengedit ringan (pencahayaan, latar, bising), melibatkan orang lain yang tidak terdaftar. Realisme sedang, tingkat manipulasi rendah. Keyakinan model intent 0.81.",,
RSK-0480,"Permintaan video untuk membuat orang seolah mengatakan atau melakukan sesuatu, melibatkan orang lain yang tidak terdaftar. Realisme tinggi, tingkat manipulasi tinggi, terdeteksi suara sintetis. Keyakinan model intent 0.75.",,
RSK-0481,"Permintaan gambar untuk membuat orang seolah mengatakan atau melakukan sesuatu, melibatkan orang lain yang tidak terdaftar. Realisme tinggi, tingkat manipulasi tinggi. Keyakinan model intent 0.94.",,
RSK-0482,"Permintaan gambar untuk membuat satire atau parodi, melibatkan orang lain yang terdaftar di ARMOR. Realisme rendah, tingkat manipulasi tinggi. Keyakinan model intent 0.90.",,
RSK-0483,"Permintaan gambar untuk tujuan tidak jelas, melibatkan orang lain yang terdaftar di ARMOR. Realisme sedang, tingkat manipulasi sedang. Keyakinan model intent 0.52.",,
RSK-0484,"Permintaan teks saja untuk membuat orang seolah mengatakan atau melakukan sesuatu, melibatkan orang lain yang terdaftar di ARMOR. Realisme sedang, tingkat manipulasi tinggi. Keyakinan model intent 0.76.",,
RSK-0485,"Permintaan video untuk membuat satire atau parodi, melibatkan wajah/suara requester sendiri. Realisme rendah, tingkat manipulasi sedang. Keyakinan model intent 0.87.",,
RSK-0486,"Permintaan audio untuk membuat orang terlihat bersalah atau tercela, melibatkan orang lain yang tidak terdaftar. Realisme tinggi, tingkat manipulasi sedang, konteks sensitif (anak, agama, pemilu, bencana, keuangan, atau hukum). Keyakinan model intent 0.84.",,
RSK-0487,"Permintaan video untuk membuat orang terlihat bersalah atau tercela, melibatkan orang lain yang terdaftar di ARMOR. Realisme tinggi, tingkat manipulasi sedang, terdeteksi suara sintetis. Keyakinan model intent 0.94.",,
RSK-0488,"Permintaan gambar untuk membuat orang terlihat bersalah atau tercela, melibatkan orang lain yang terdaftar di ARMOR. Realisme tinggi, tingkat manipulasi tinggi. Keyakinan model intent 0.60.",,
RSK-0489,"Permintaan audio untuk membuat orang seolah mengatakan atau melakukan sesuatu, melibatkan orang lain yang terdaftar di ARMOR. Realisme tinggi, tingkat manipulasi sedang. Keyakinan model intent 0.53.",,
RSK-0490,"Permintaan teks saja untuk menipu atau menyebar kabar palsu, melibatkan orang lain yang tidak terdaftar. Realisme rendah, tingkat manipulasi sedang, konteks sensitif (anak, agama, pemilu, bencana, keuangan, atau hukum). Keyakinan model intent 0.94.",,
RSK-0491,"Permintaan audio untuk membuat karya pribadi (avatar, ilustrasi, narasi), melibatkan orang lain yang tidak terdaftar. Realisme rendah, tingkat manipulasi sedang, terdeteksi suara sintetis. Keyakinan model intent 0.57.",,
RSK-0492,"Permintaan audio untuk membuat iklan atau promosi, melibatkan orang lain yang terdaftar di ARMOR. Realisme rendah, tingkat manipulasi sedang. Keyakinan model intent 0.81.",,
RSK-0493,"Permintaan video untuk membuat orang terlihat bersalah atau tercela, melibatkan orang lain yang tidak terdaftar. Realisme rendah, tingkat manipulasi tinggi. Keyakinan model intent 0.99.",,
RSK-0494,"Permintaan gambar untuk membuat satire atau parodi, melibatkan tanpa orang. Realisme tinggi, tingkat manipulasi rendah. Keyakinan model intent 0.86.",,
RSK-0495,"Permintaan gambar untuk membuat iklan atau promosi, melibatkan orang lain yang tidak terdaftar. Realisme sedang, tingkat manipulasi sedang. Keyakinan model intent 0.79.",,
RSK-0496,"Permintaan gambar untuk mengedit ringan (pencahayaan, latar, bising), melibatkan orang lain yang tidak terdaftar. Realisme sedang, tingkat manipulasi rendah. Keyakinan model intent 0.63.",,
RSK-0497,"Permintaan teks saja untuk membuat konten seksual, melibatkan orang lain yang terdaftar di ARMOR. Realisme sedang, tingkat manipulasi sedang. Keyakinan model intent 0.59.",,
RSK-0498,"Permintaan audio untuk tujuan tidak jelas, melibatkan orang lain yang tidak terdaftar. Realisme tinggi, tingkat manipulasi sedang. Keyakinan model intent 0.41.",,
RSK-0499,"Permintaan gambar untuk membuat orang terlihat bersalah atau tercela, melibatkan orang lain yang terdaftar di ARMOR. Realisme tinggi, tingkat manipulasi tinggi. Keyakinan model intent 0.84.",,
RSK-0500,"Permintaan gambar untuk mengedit ringan (pencahayaan, latar, bising), melibatkan wajah/suara requester sendiri. Realisme rendah, tingkat manipulasi rendah. Keyakinan model intent 0.68.",,
RSK-0501,"Permintaan video untuk tujuan tidak jelas, melibatkan orang lain yang terdaftar di ARMOR. Realisme sedang, tingkat manipulasi rendah. Keyakinan model intent 0.56.",,
RSK-0502,"Permintaan audio untuk membuat orang seolah mengatakan atau melakukan sesuatu, melibatkan tanpa orang. Realisme sedang, tingkat manipulasi sedang, terdeteksi suara sintetis. Keyakinan model intent 0.99.",,
RSK-0503,"Permintaan gambar untuk membuat orang seolah mengatakan atau melakukan sesuatu, melibatkan wajah/suara yang tidak jelas. Realisme tinggi, tingkat manipulasi sedang. Keyakinan model intent 0.76.",,
RSK-0504,"Permintaan video untuk menipu atau menyebar kabar palsu, melibatkan orang lain yang tidak terdaftar. Realisme tinggi, tingkat manipulasi sedang, terdeteksi suara sintetis. Keyakinan model intent 0.53.",,
RSK-0505,"Permintaan gambar untuk membuat satire atau parodi, melibatkan orang lain yang terdaftar di ARMOR. Realisme rendah, tingkat manipulasi rendah. Keyakinan model intent 0.63.",,
RSK-0506,"Permintaan video untuk mengedit ringan (pencahayaan, latar, bising), melibatkan wajah/suara yang tidak jelas. Realisme sedang, tingkat manipulasi rendah. Keyakinan model intent 0.80.",,
RSK-0507,"Permintaan video untuk membuat materi kampanye atau dukungan politik, melibatkan orang lain yang tidak terdaftar. Realisme tinggi, tingkat manipulasi sedang, konteks sensitif (anak, agama, pemilu, bencana, keuangan, atau hukum). Keyakinan model intent 0.88.",,
RSK-0508,"Permintaan video untuk membuat karya pribadi (avatar, ilustrasi, narasi), melibatkan orang lain yang tidak terdaftar. Realisme sedang, tingkat manipulasi tinggi. Keyakinan model intent 0.73.",,
RSK-0509,"Permintaan gambar untuk membuat iklan atau promosi, melibatkan wajah/suara yang tidak jelas. Realisme sedang, tingkat manipulasi sedang, konteks sensitif (anak, agama, pemilu, bencana, keuangan, atau hukum). Keyakinan model intent 0.97.",,
RSK-0510,"Permintaan audio untuk membuat iklan atau promosi, melibatkan orang lain yang tidak terdaftar. Realisme rendah, tingkat manipulasi tinggi. Keyakinan model intent 0.61.",,
RSK-0511,"Permintaan video untuk membuat satire atau parodi, melibatkan tanpa orang. Realisme tinggi, tingkat manipulasi rendah, konteks sensitif (anak, agama, pemilu, bencana, keuangan, atau hukum). Keyakinan model intent 0.94.",,
RSK-0512,"Permintaan gambar untuk membuat karya pribadi (avatar, ilustrasi, narasi), melibatkan orang lain yang tidak terdaftar. Realisme rendah, tingkat manipulasi tinggi. Keyakinan model intent 0.77.",,
RSK-0513,"Permintaan audio untuk membuat karya pribadi (avatar, ilustrasi, narasi), melibatkan wajah/suara requester sendiri. Realisme rendah, tingkat manipulasi sedang, terdeteksi suara sintetis. Keyakinan model intent 0.81.",,
RSK-0514,"Permintaan gambar untuk membuat karya pribadi (avatar, ilustrasi, narasi), melibatkan orang lain yang tidak terdaftar. Realisme sedang, tingkat manipulasi sedang. Keyakinan model intent 0.59.",,
RSK-0515,"Permintaan audio untuk membuat materi kampanye atau dukungan politik, melibatkan wajah/suara yang tidak jelas. Realisme sedang, tingkat manipulasi tinggi. Keyakinan model intent 0.55.",,
RSK-0516,"Permintaan audio untuk membuat orang terlihat bersalah atau tercela, melibatkan orang lain yang tidak terdaftar. Realisme tinggi, tingkat manipulasi sedang. Keyakinan model intent 0.51.",,
RSK-0517,"Permintaan gambar untuk tujuan tidak jelas, melibatkan orang lain yang terdaftar di ARMOR. Realisme sedang, tingkat manipulasi rendah. Keyakinan model intent 0.50.",,
RSK-0518,"Permintaan gambar untuk membuat materi kampanye atau dukungan politik, melibatkan orang lain yang terdaftar di ARMOR. Realisme rendah, tingkat manipulasi tinggi, konteks sensitif (anak, agama, pemilu, bencana, keuangan, atau hukum). Keyakinan model intent 0.97.",,
RSK-0519,"Permintaan gambar untuk menipu atau menyebar kabar palsu, melibatkan orang lain yang terdaftar di ARMOR. Realisme tinggi, tingkat manipulasi rendah, konteks sensitif (anak, agama, pemilu, bencana, keuangan, atau hukum). Keyakinan model intent 0.84.",,
RSK-0520,"Permintaan gambar untuk tujuan tidak jelas, melibatkan orang lain yang terdaftar di ARMOR. Realisme tinggi, tingkat manipulasi rendah, konteks sensitif (anak, agama, pemilu, bencana, keuangan, atau hukum). Keyakinan model intent 0.34.",,
RSK-0521,"Permintaan gambar untuk membuat orang seolah mengatakan atau melakukan sesuatu, melibatkan orang lain yang tidak terdaftar. Realisme sedang, tingkat manipulasi tinggi. Keyakinan model intent 0.75.",,
RSK-0522,"Permintaan gambar untuk menipu atau menyebar kabar palsu, melibatkan tanpa orang. Realisme sedang, tingkat manipulasi sedang. Keyakinan model intent 0.77.",,
RSK-0523,"Permintaan video untuk membuat iklan atau promosi, melibatkan orang lain yang terdaftar di ARMOR. Realisme sedang, tingkat manipulasi sedang. Keyakinan model intent 0.84.",,
RSK-0524,"Permintaan teks saja untuk membuat orang terlihat bersalah atau tercela, melibatkan orang lain yang tidak terdaftar. Realisme sedang, tingkat manipulasi tinggi. Keyakinan model intent 0.50.",,
RSK-0525,"Permintaan video untuk membuat konten seksual, melibatkan orang lain yang terdaftar di ARMOR. Realisme sedang, tingkat manipulasi rendah, terdeteksi suara sintetis. Keyakinan model intent 0.51.",,
RSK-0526,"Permintaan audio untuk membuat konten seksual, melibatkan orang lain yang tidak terdaftar. Realisme sedang, tingkat manipulasi rendah. Keyakinan model intent 0.77.",,
RSK-0527,"Permintaan gambar untuk membuat materi kampanye atau dukungan politik, melibatkan orang lain yang terdaftar di ARMOR. Realisme sedang, tingkat manipulasi sedang. Keyakinan model intent 0.93.",,
RSK-0528,"Permintaan video untuk membuat konten seksual, melibatkan orang lain yang tidak terdaftar. Realisme tinggi, tingkat manipulasi sedang, konteks sensitif (anak, agama, pemilu, bencana, keuangan, atau hukum). Keyakinan model intent 0.54.",,
RSK-0529,"Permintaan gambar untuk membuat iklan atau promosi, melibatkan orang lain yang terdaftar di ARMOR. Realisme sedang, tingkat manipulasi rendah. Keyakinan model intent 0.58.",,
RSK-0530,"Permintaan gambar untuk membuat satire atau parodi, melibatkan orang lain yang tidak terdaftar. Realisme sedang, tingkat manipulasi sedang. Keyakinan model intent 0.79.",,
RSK-0531,"Permintaan teks saja untuk membuat iklan atau promosi, melibatkan wajah/suara yang tidak jelas. Realisme tinggi, tingkat manipulasi sedang. Keyakinan model intent 0.88.",,
RSK-0532,"Permintaan teks saja untuk membuat orang seolah mengatakan atau melakukan sesuatu, melibatkan orang lain yang tidak terdaftar. Realisme tinggi, tingkat manipulasi sedang. Keyakinan model intent 0.93.",,
RSK-0533,"Permintaan video untuk menipu atau menyebar kabar palsu, melibatkan tanpa orang. Realisme tinggi, tingkat manipulasi tinggi, terdeteksi suara sintetis. Keyakinan model intent 0.79.",,
RSK-0534,"Permintaan gambar untuk mengedit ringan (pencahayaan, latar, bising), melibatkan wajah/suara requester sendiri. Realisme rendah, tingkat manipulasi rendah. Keyakinan model intent 0.77.",,
RSK-0535,"Permintaan gambar untuk menipu atau menyebar kabar palsu, melibatkan orang lain yang terdaftar di ARMOR. Realisme tinggi, tingkat manipulasi tinggi, konteks sensitif (anak, agama, pemilu, bencana, keuangan, atau hukum). Keyakinan model intent 0.73.",,
RSK-0536,"Permintaan gambar untuk membuat satire atau parodi, melibatkan orang lain yang terdaftar di ARMOR. Realisme sedang, tingkat manipulasi sedang. Keyakinan model intent 0.56.",,
RSK-0537,"Permintaan video untuk membuat iklan atau promosi, melibatkan orang lain yang tidak terdaftar. Realisme rendah, tingkat manipulasi tinggi. Keyakinan model intent 0.89.",,
RSK-0538,"Permintaan video untuk membuat iklan atau promosi, melibatkan wajah/suara yang tidak jelas. Realisme sedang, tingkat manipulasi sedang. Keyakinan model intent 0.61.",,
RSK-0539,"Permintaan audio untuk membuat satire atau parodi, melibatkan wajah/suara yang tidak jelas. Realisme rendah, tingkat manipulasi sedang. Keyakinan model intent 0.85.",,
RSK-0540,"Permintaan video untuk membuat iklan atau promosi, melibatkan wajah/suara yang tidak jelas. Realisme rendah, tingkat manipulasi sedang. Keyakinan model intent 0.56.",,
RSK-0541,"Permintaan gambar untuk menipu atau menyebar kabar palsu, melibatkan orang lain yang tidak terdaftar. Realisme sedang, tingkat manipulasi sedang, konteks sensitif (anak, agama, pemilu, bencana, keuangan, atau hukum). Keyakinan model intent 0.88.",,
RSK-0542,"Permintaan gambar untuk membuat konten seksual, melibatkan orang lain yang terdaftar di ARMOR. Realisme rendah, tingkat manipulasi tinggi. Keyakinan model intent 0.83.",,
RSK-0543,"Permintaan audio untuk membuat orang terlihat bersalah atau tercela, melibatkan orang lain yang tidak terdaftar. Realisme tinggi, tingkat manipulasi sedang, terdeteksi suara sintetis. Keyakinan model intent 0.75.",,
RSK-0544,"Permintaan audio untuk membuat materi kampanye atau dukungan politik, melibatkan orang lain yang tidak terdaftar. Realisme sedang, tingkat manipulasi sedang, konteks sensitif (anak, agama, pemilu, bencana, keuangan, atau hukum). Keyakinan model intent 0.57.",,
RSK-0545,"Permintaan audio untuk membuat orang seolah mengatakan atau melakukan sesuatu, melibatkan wajah/suara yang tidak jelas. Realisme rendah, tingkat manipulasi tinggi, konteks sensitif (anak, agama, pemilu, bencana, keuangan, atau hukum). Keyakinan model intent 0.70.",,
RSK-0546,"Permintaan video untuk membuat materi kampanye atau dukungan politik, melibatkan orang lain yang tidak terdaftar. Realisme sedang, tingkat manipulasi tinggi, konteks sensitif (anak, agama, pemilu, bencana, keuangan, atau hukum). Keyakinan model intent 0.75.",,
RSK-0547,"Permintaan video untuk membuat karya pribadi (avatar, ilustrasi, narasi), melibatkan wajah/suara yang tidak jelas. Realisme rendah, tingkat manipulasi sedang. Keyakinan model intent 0.69.",,
RSK-0548,"Permintaan gambar untuk mengedit ringan (pencahayaan, latar, bising), melibatkan wajah/suara requester sendiri. Realisme rendah, tingkat manipulasi rendah. Keyakinan model intent 0.55.",,
RSK-0549,"Permintaan gambar untuk membuat orang seolah mengatakan atau melakukan sesuatu, melibatkan orang lain yang tidak terdaftar. Realisme tinggi, tingkat manipulasi tinggi. Keyakinan model intent 0.77.",,
RSK-0550,"Permintaan gambar untuk membuat iklan atau promosi, melibatkan wajah/suara yang tidak jelas. Realisme sedang, tingkat manipulasi sedang. Keyakinan model intent 0.55.",,
RSK-0551,"Permintaan audio untuk membuat satire atau parodi, melibatkan orang lain yang tidak terdaftar. Realisme tinggi, tingkat manipulasi rendah, konteks sensitif (anak, agama, pemilu, bencana, keuangan, atau hukum). Keyakinan model intent 0.98.",,
RSK-0552,"Permintaan gambar untuk membuat karya pribadi (avatar, ilustrasi, narasi), melibatkan wajah/suara requester sendiri. Realisme tinggi, tingkat manipulasi sedang, konteks sensitif (anak, agama, pemilu, bencana, keuangan, atau hukum). Keyakinan model intent 0.95.",,
RSK-0553,"Permintaan gambar untuk membuat konten seksual, melibatkan orang lain yang terdaftar di ARMOR. Realisme rendah, tingkat manipulasi sedang. Keyakinan model intent 0.59.",,
RSK-0554,"Permintaan video untuk membuat materi kampanye atau dukungan politik, melibatkan orang lain yang tidak terdaftar. Realisme sedang, tingkat manipulasi sedang, konteks sensitif (anak, agama, pemilu, bencana, keuangan, atau hukum). Keyakinan model intent 0.65.",,
RSK-0555,"Permintaan video untuk tujuan tidak jelas, melibatkan wajah/suara requester sendiri. Realisme sedang, tingkat manipulasi tinggi. Keyakinan model intent 0.51.",,
RSK-0556,"Permintaan teks saja untuk menipu atau menyebar kabar palsu, melibatkan orang lain yang terdaftar di ARMOR. Realisme tinggi, tingkat manipulasi rendah, konteks sensitif (anak, agama, pemilu, bencana, keuangan, atau hukum). Keyakinan model intent 0.92.",,
RSK-0557,"Permintaan gambar untuk membuat orang terlihat bersalah atau tercela, melibatkan orang lain yang tidak terdaftar. Realisme tinggi, tingkat manipulasi sedang, konteks sensitif (anak, agama, pemilu, bencana, keuangan, atau hukum). Keyakinan model intent 0.88.",,
RSK-0558,"Permintaan gambar untuk membuat konten seksual, melibatkan orang lain yang tidak terdaftar. Realisme sedang, tingkat manipulasi tinggi. Keyakinan model intent 0.89.",,
RSK-0559,"Permintaan teks saja untuk membuat karya pribadi (avatar, ilustrasi, narasi), melibatkan wajah/suara requester sendiri. Realisme sedang, tingkat manipulasi sedang, konteks sensitif (anak, agama, pemilu, bencana, keuangan, atau hukum). Keyakinan model intent 0.69.",,
RSK-0560,"Permintaan audio untuk membuat orang terlihat bersalah atau tercela, melibatkan orang lain yang terdaftar di ARMOR. Realisme sedang, tingkat manipulasi tinggi, konteks sensitif (anak, agama, pemilu, bencana, keuangan, atau hukum). Keyakinan model intent 0.73.",,
RSK-0561,"Permintaan video untuk menipu atau menyebar kabar palsu, melibatkan orang lain yang tidak terdaftar. Realisme tinggi, tingkat manipulasi rendah. Keyakinan model intent 0.87.",,
RSK-0562,"Permintaan video untuk membuat orang seolah mengatakan atau melakukan sesuatu, melibatkan orang lain yang tidak terdaftar. Realisme tinggi, tingkat manipulasi tinggi, terdeteksi suara sintetis. Keyakinan model intent 0.74.",,
RSK-0563,"Permintaan teks saja untuk membuat karya pribadi (avatar, ilustrasi, narasi), melibatkan wajah/suara requester sendiri. Realisme tinggi, tingkat manipulasi tinggi. Keyakinan model intent 0.80.",,
RSK-0564,"Permintaan teks saja untuk membuat satire atau parodi, melibatkan orang lain yang tidak terdaftar. Realisme rendah, tingkat manipulasi sedang. Keyakinan model intent 0.89.",,
RSK-0565,"Permintaan gambar untuk tujuan tidak jelas, melibatkan wajah/suara yang tidak jelas. Realisme rendah, tingkat manipulasi tinggi. Keyakinan model intent 0.59.",,
RSK-0566,"Permintaan gambar untuk membuat satire atau parodi, melibatkan wajah/suara yang tidak jelas. Realisme tinggi, tingkat manipulasi sedang. Keyakinan model intent 0.93.",,
RSK-0567,"Permintaan audio untuk membuat materi kampanye atau dukungan politik, melibatkan orang lain yang tidak terdaftar. Realisme sedang, tingkat manipulasi sedang, konteks sensitif (anak, agama, pemilu, bencana, keuangan, atau hukum). Keyakinan model intent 0.78.",,
RSK-0568,"Permintaan gambar untuk membuat satire atau parodi, melibatkan wajah/suara requester sendiri. Realisme tinggi, tingkat manipulasi rendah. Keyakinan model intent 0.56.",,
RSK-0569,"Permintaan gambar untuk membuat karya pribadi (avatar, ilustrasi, narasi), melibatkan wajah/suara requester sendiri. Realisme rendah, tingkat manipulasi rendah. Keyakinan model intent 0.98.",,
RSK-0570,"Permintaan teks saja untuk menipu atau menyebar kabar palsu, melibatkan orang lain yang tidak terdaftar. Realisme tinggi, tingkat manipulasi sedang, konteks sensitif (anak, agama, pemilu, bencana, keuangan, atau hukum). Keyakinan model intent 0.75.",,
RSK-0571,"Permintaan gambar untuk tujuan tidak jelas, melibatkan orang lain yang terdaftar di ARMOR. Realisme sedang, tingkat manipulasi sedang. Keyakinan model intent 0.42.",,
RSK-0572,"Permintaan video untuk membuat iklan atau promosi, melibatkan orang lain yang terdaftar di ARMOR. Realisme sedang, tingkat manipulasi sedang. Keyakinan model intent 0.58.",,
RSK-0573,"Permintaan gambar untuk membuat konten seksual, melibatkan orang lain yang tidak terdaftar. Realisme rendah, tingkat manipulasi rendah, konteks sensitif (anak, agama, pemilu, bencana, keuangan, atau hukum). Keyakinan model intent 0.71.",,
RSK-0574,"Permintaan video untuk membuat konten seksual, melibatkan wajah/suara requester sendiri. Realisme rendah, tingkat manipulasi tinggi. Keyakinan model intent 0.75.",,
RSK-0575,"Permintaan gambar untuk membuat iklan atau promosi, melibatkan orang lain yang tidak terdaftar. Realisme tinggi, tingkat manipulasi sedang. Keyakinan model intent 0.63.",,
RSK-0576,"Permintaan video untuk mengedit ringan (pencahayaan, latar, bising), melibatkan wajah/suara requester sendiri. Realisme sedang, tingkat manipulasi rendah. Keyakinan model intent 0.64.",,
RSK-0577,"Permintaan video untuk mengedit ringan (pencahayaan, latar, bising), melibatkan wajah/suara requester sendiri. Realisme rendah, tingkat manipulasi rendah. Keyakinan model intent 0.57.",,
RSK-0578,"Permintaan audio untuk membuat konten seksual, melibatkan tanpa orang. Realisme sedang, tingkat manipulasi sedang, konteks sensitif (anak, agama, pemilu, bencana, keuangan, atau hukum). Keyakinan model intent 0.83.",,
RSK-0579,"Permintaan gambar untuk membuat orang seolah mengatakan atau melakukan sesuatu, melibatkan orang lain yang terdaftar di ARMOR. Realisme rendah, tingkat manipulasi tinggi. Keyakinan model intent 0.62.",,
RSK-0580,"Permintaan audio untuk mengedit ringan (pencahayaan, latar, bising), melibatkan wajah/suara requester sendiri. Realisme sedang, tingkat manipulasi rendah. Keyakinan model intent 0.92.",,
RSK-0581,"Permintaan gambar untuk membuat orang terlihat bersalah atau tercela, melibatkan orang lain yang tidak terdaftar. Realisme sedang, tingkat manipulasi sedang. Keyakinan model intent 0.93.",,
RSK-0582,"Permintaan video untuk membuat orang seolah mengatakan atau melakukan sesuatu, melibatkan orang lain yang terdaftar di ARMOR. Realisme tinggi, tingkat manipulasi tinggi. Keyakinan model intent 0.82.",,
RSK-0583,"Permintaan video untuk membuat iklan atau promosi, melibatkan orang lain yang terdaftar di ARMOR. Realisme rendah, tingkat manipulasi tinggi. Keyakinan model intent 0.56.",,
RSK-0584,"Permintaan audio untuk membuat materi kampanye atau dukungan politik, melibatkan tanpa orang. Realisme sedang, tingkat manipulasi rendah. Keyakinan model intent 0.86.",,
RSK-0585,"Permintaan gambar untuk menipu atau menyebar kabar palsu, melibatkan wajah/suara requester sendiri. Realisme sedang, tingkat manipulasi rendah. Keyakinan model intent 0.51.",,
RSK-0586,"Permintaan gambar untuk membuat materi kampanye atau dukungan politik, melibatkan orang lain yang tidak terdaftar. Realisme rendah, tingkat manipulasi tinggi. Keyakinan model intent 0.94.",,
RSK-0587,"Permintaan gambar untuk membuat satire atau parodi, melibatkan orang lain yang tidak terdaftar. Realisme rendah, tingkat manipulasi sedang, konteks sensitif (anak, agama, pemilu, bencana, keuangan, atau hukum). Keyakinan model intent 0.77.",,
RSK-0588,"Permintaan audio untuk membuat satire atau parodi, melibatkan orang lain yang tidak terdaftar. Realisme tinggi, tingkat manipulasi rendah. Keyakinan model intent 0.67.",,
RSK-0589,"Permintaan audio untuk membuat karya pribadi (avatar, ilustrasi, narasi), melibatkan wajah/suara requester sendiri. Realisme tinggi, tingkat manipulasi sedang. Keyakinan model intent 0.95.",,
RSK-0590,"Permintaan video untuk membuat materi kampanye atau dukungan politik, melibatkan wajah/suara yang tidak jelas. Realisme sedang, tingkat manipulasi tinggi, terdeteksi suara sintetis. Keyakinan model intent 0.73.",,
RSK-0591,"Permintaan gambar untuk membuat karya pribadi (avatar, ilustrasi, narasi), melibatkan orang lain yang tidak terdaftar. Realisme sedang, tingkat manipulasi sedang, konteks sensitif (anak, agama, pemilu, bencana, keuangan, atau hukum). Keyakinan model intent 0.99.",,
RSK-0592,"Permintaan gambar untuk membuat konten seksual, melibatkan orang lain yang terdaftar di ARMOR. Realisme sedang, tingkat manipulasi tinggi. Keyakinan model intent 0.88.",,
RSK-0593,"Permintaan gambar untuk membuat orang seolah mengatakan atau melakukan sesuatu, melibatkan orang lain yang terdaftar di ARMOR. Realisme rendah, tingkat manipulasi rendah. Keyakinan model intent 0.93.",,
RSK-0594,"Permintaan video untuk membuat orang seolah mengatakan atau melakukan sesuatu, melibatkan orang lain yang terdaftar di ARMOR. Realisme sedang, tingkat manipulasi tinggi, terdeteksi suara sintetis. Keyakinan model intent 0.61.",,
RSK-0595,"Permintaan gambar untuk tujuan tidak jelas, melibatkan orang lain yang tidak terdaftar. Realisme sedang, tingkat manipulasi tinggi, konteks sensitif (anak, agama, pemilu, bencana, keuangan, atau hukum). Keyakinan model intent 0.45.",,
RSK-0596,"Permintaan video untuk mengedit ringan (pencahayaan, latar, bising), melibatkan wajah/suara requester sendiri. Realisme sedang, tingkat manipulasi rendah. Keyakinan model intent 0.56.",,
RSK-0597,"Permintaan video untuk tujuan tidak jelas, melibatkan orang lain yang tidak terdaftar. Realisme tinggi, tingkat manipulasi rendah, konteks sensitif (anak, agama, pemilu, bencana, keuangan, atau hukum). Keyakinan model intent 0.31.",,
RSK-0598,"Permintaan video untuk menipu atau menyebar kabar palsu, melibatkan orang lain yang terdaftar di ARMOR. Realisme rendah, tingkat manipulasi sedang, terdeteksi suara sintetis. Keyakinan model intent 0.80.",,
RSK-0599,"Permintaan video untuk menipu atau menyebar kabar palsu, melibatkan orang lain yang tidak terdaftar. Realisme tinggi, tingkat manipulasi sedang. Keyakinan model intent 0.87.",,
RSK-0600,"Permintaan video untuk mengedit ringan (pencahayaan, latar, bising), melibatkan wajah/suara yang tidak jelas. Realisme rendah, tingkat manipulasi sedang, terdeteksi suara sintetis. Keyakinan model intent 0.70.",,
